case_id,court,case_type,filing_date,filing_year,disposal_date,duration_months,event,hearings,adjournments,current_age_months
NG-00001,Delhi District Court,Civil Dispute,2024-06-01,2024,,24.97,0,7,4,24.97
NG-00002,Lucknow District Court,Motor Accident,2020-08-01,2020,2022-08-26 15:57:08.328489402,24.82,1,7,2,24.82
NG-00003,Lucknow District Court,Civil Dispute,2020-10-01,2020,2025-01-15 02:24:13.054661904,51.48,1,7,3,51.48
NG-00004,Delhi District Court,Cheque Bounce,2024-01-01,2024,,29.96,0,8,4,29.96
NG-00005,Jaipur District Court,Civil Dispute,2018-12-01,2018,2022-05-07 17:56:51.286057768,41.19,1,5,4,41.19
NG-00006,Delhi District Court,Cheque Bounce,2018-02-01,2018,2019-06-26 04:29:56.419178844,16.76,1,7,2,16.76
NG-00007,Noida District Court,Motor Accident,2025-06-01,2025,,12.98,0,8,1,12.98
NG-00008,Jaipur District Court,Motor Accident,2018-10-01,2018,2023-01-13 13:56:19.416741417,51.43,1,7,2,51.43
NG-00009,Lucknow District Court,Motor Accident,2019-12-01,2019,2022-12-07 21:10:43.172797630,36.23,1,6,4,36.23
NG-00010,Jaipur District Court,Property,2024-06-01,2024,,24.97,0,5,4,24.97
NG-00011,Lucknow District Court,Cheque Bounce,2019-02-01,2019,2021-10-02 17:42:20.725762731,32.02,1,9,0,32.02
NG-00012,Jaipur District Court,Motor Accident,2019-11-01,2019,2024-07-29 16:11:57.967069594,56.92,1,7,2,56.92
NG-00013,Jaipur District Court,Property,2019-09-01,2019,2023-03-17 17:10:59.467500200,42.5,1,6,1,42.5
NG-00014,Lucknow District Court,Property,2025-09-01,2025,,9.95,0,6,3,9.95
NG-00015,Jaipur District Court,Motor Accident,2020-06-01,2020,2024-04-02 02:15:26.584862826,46.03,1,9,1,46.03
NG-00016,Delhi District Court,Family,2021-03-01,2021,2022-11-16 05:28:20.312235477,20.54,1,10,3,20.54
NG-00017,Noida District Court,Motor Accident,2019-04-01,2019,2020-11-06 19:25:24.351199207,19.24,1,5,0,19.24
NG-00018,Noida District Court,Cheque Bounce,2021-08-01,2021,2026-01-22 11:20:40.588698324,53.73,1,7,1,53.73
NG-00019,Noida District Court,Civil Dispute,2018-12-01,2018,2021-10-10 16:12:52.700340847,34.32,1,4,7,34.32
NG-00020,Jaipur District Court,Motor Accident,2024-06-01,2024,,24.97,0,6,2,24.97
NG-00021,Delhi District Court,Motor Accident,2020-09-01,2020,2024-12-20 04:07:20.552168916,51.62,1,10,2,51.62
NG-00022,Lucknow District Court,Family,2022-02-01,2022,2025-02-12 12:06:18.719751432,36.38,1,10,2,36.38
NG-00023,Jaipur District Court,Family,2022-12-01,2022,2025-06-01 13:12:25.961284382,30.01,1,5,4,30.01
NG-00024,Lucknow District Court,Cheque Bounce,2024-05-01,2024,,25.99,0,6,4,25.99
NG-00025,Lucknow District Court,Cheque Bounce,2025-04-01,2025,,14.98,0,4,3,14.98
NG-00026,Lucknow District Court,Motor Accident,2023-10-01,2023,2025-07-12 22:37:08.756108319,21.38,1,9,1,21.38
NG-00027,Lucknow District Court,Cheque Bounce,2024-01-01,2024,2024-07-08 21:41:26.660342927,6.24,1,2,0,6.24
NG-00028,Lucknow District Court,Cheque Bounce,2020-11-01,2020,2023-02-25 19:34:09.849092168,27.82,1,6,1,27.82
NG-00029,Jaipur District Court,Motor Accident,2023-06-01,2023,2025-06-02 15:22:44.252736274,24.07,1,6,1,24.07
NG-00030,Delhi District Court,Cheque Bounce,2020-02-01,2020,2022-11-15 17:55:22.358159371,33.47,1,9,3,33.47
NG-00031,Lucknow District Court,Cheque Bounce,2021-12-01,2021,2024-03-25 04:27:42.050745745,27.77,1,7,2,27.77
NG-00032,Delhi District Court,Cheque Bounce,2018-07-01,2018,2020-12-30 16:40:57.487610023,30.02,1,11,5,30.02
NG-00033,Delhi District Court,Cheque Bounce,2018-11-01,2018,2019-09-20 20:55:24.611478058,10.64,1,3,2,10.64
NG-00034,Lucknow District Court,Civil Dispute,2023-02-01,2023,,40.93,0,10,0,40.93
NG-00035,Noida District Court,Cheque Bounce,2019-06-01,2019,2021-03-02 20:52:48.231157938,21.05,1,7,3,21.05
NG-00036,Lucknow District Court,Cheque Bounce,2023-03-01,2023,2025-03-03 22:30:59.471157156,24.11,1,5,5,24.11
NG-00037,Lucknow District Court,Motor Accident,2020-04-01,2020,2023-12-21 19:44:05.125242209,44.67,1,10,3,44.67
NG-00038,Noida District Court,Motor Accident,2023-06-01,2023,2025-05-01 04:30:01.374744804,23.0,1,3,7,23.0
NG-00039,Noida District Court,Cheque Bounce,2024-07-01,2024,,23.98,0,10,5,23.98
NG-00040,Jaipur District Court,Property,2022-10-01,2022,2023-11-18 20:33:01.728486362,13.6,1,4,1,13.6
NG-00041,Delhi District Court,Family,2024-05-01,2024,2025-12-14 20:49:56.716779933,19.48,1,4,2,19.48
NG-00042,Lucknow District Court,Family,2020-03-01,2020,2021-04-15 15:07:22.501449647,13.49,1,8,1,13.49
NG-00043,Jaipur District Court,Civil Dispute,2025-10-01,2025,,8.97,0,8,1,8.97
NG-00044,Noida District Court,Civil Dispute,2025-08-01,2025,,10.97,0,10,4,10.97
NG-00045,Noida District Court,Civil Dispute,2024-01-01,2024,2025-07-14 00:24:07.146604635,18.4,1,11,4,18.4
NG-00046,Jaipur District Court,Cheque Bounce,2018-03-01,2018,2021-09-30 15:04:12.178697286,43.02,1,4,1,43.02
NG-00047,Noida District Court,Civil Dispute,2019-06-01,2019,2021-05-23 06:41:05.435772613,23.73,1,1,2,23.73
NG-00048,Noida District Court,Civil Dispute,2021-06-01,2021,2022-11-18 01:51:50.415959111,17.58,1,8,1,17.58
NG-00049,Delhi District Court,Cheque Bounce,2019-04-01,2019,2023-01-04 17:59:06.800044663,45.16,1,3,1,45.16
NG-00050,Delhi District Court,Property,2023-11-01,2023,,31.96,0,3,4,31.96
NG-00051,Delhi District Court,Family,2020-02-01,2020,2021-07-16 21:18:53.372549272,17.47,1,4,1,17.47
NG-00052,Jaipur District Court,Family,2020-09-01,2020,2022-08-26 06:14:10.964336470,23.79,1,6,2,23.79
NG-00053,Jaipur District Court,Cheque Bounce,2022-07-01,2022,2026-04-06 18:36:34.212938388,45.2,1,6,2,45.2
NG-00054,Lucknow District Court,Motor Accident,2024-04-01,2024,,26.97,0,10,3,26.97
NG-00055,Delhi District Court,Cheque Bounce,2023-05-01,2023,2026-02-02 15:52:36.996196797,33.14,1,8,5,33.14
NG-00056,Lucknow District Court,Family,2022-02-01,2022,2025-03-07 13:58:07.018650160,37.14,1,6,2,37.14
NG-00057,Delhi District Court,Motor Accident,2022-07-01,2022,2023-10-24 03:39:10.253574385,15.77,1,4,3,15.77
NG-00058,Noida District Court,Motor Accident,2020-04-01,2020,2022-09-06 05:39:21.120209078,29.18,1,5,4,29.18
NG-00059,Noida District Court,Motor Accident,2024-10-01,2024,,20.96,0,7,3,20.96
NG-00060,Lucknow District Court,Motor Accident,2020-08-01,2020,2022-03-10 04:40:44.302899901,19.26,1,8,2,19.26
NG-00061,Jaipur District Court,Civil Dispute,2021-03-01,2021,2024-01-23 09:06:48.469999512,34.77,1,8,5,34.77
NG-00062,Delhi District Court,Cheque Bounce,2019-12-01,2019,2023-03-09 14:29:53.449030135,39.24,1,6,2,39.24
NG-00063,Lucknow District Court,Property,2021-08-01,2021,2025-03-12 20:06:29.318311869,43.36,1,7,5,43.36
NG-00064,Delhi District Court,Property,2024-01-01,2024,2025-11-13 19:49:22.517477855,22.43,1,5,3,22.43
NG-00065,Noida District Court,Property,2023-01-01,2023,,41.95,0,6,5,41.95
NG-00066,Noida District Court,Family,2021-05-01,2021,2023-01-20 04:25:38.931981404,20.67,1,9,1,20.67
NG-00067,Noida District Court,Civil Dispute,2018-10-01,2018,2022-03-08 22:12:51.955922586,41.23,1,6,3,41.23
NG-00068,Delhi District Court,Motor Accident,2022-08-01,2022,2024-08-14 07:10:39.819389502,24.45,1,6,5,24.45
NG-00069,Jaipur District Court,Property,2021-10-01,2021,,56.96,0,12,2,56.96
NG-00070,Noida District Court,Motor Accident,2022-03-01,2022,2023-03-05 00:46:38.301659417,12.12,1,4,2,12.12
NG-00071,Lucknow District Court,Civil Dispute,2019-05-01,2019,2021-07-08 19:34:31.064319626,26.28,1,8,2,26.28
NG-00072,Jaipur District Court,Family,2024-08-01,2024,,22.96,0,9,5,22.96
NG-00073,Jaipur District Court,Property,2024-03-01,2024,,27.99,0,5,0,27.99
NG-00074,Lucknow District Court,Family,2018-01-01,2018,2020-04-25 00:55:09.871410570,27.76,1,8,2,27.76
NG-00075,Jaipur District Court,Civil Dispute,2024-04-01,2024,,26.97,0,4,1,26.97
NG-00076,Noida District Court,Motor Accident,2024-02-01,2024,,28.94,0,9,5,28.94
NG-00077,Noida District Court,Cheque Bounce,2021-04-01,2021,2022-05-28 13:18:36.063492808,13.88,1,9,0,13.88
NG-00078,Noida District Court,Property,2024-03-01,2024,2025-08-25 06:33:38.156815837,17.81,1,7,2,17.81
NG-00079,Jaipur District Court,Cheque Bounce,2019-08-01,2019,2021-01-28 23:50:52.362843858,17.97,1,4,4,17.97
NG-00080,Lucknow District Court,Property,2021-02-01,2021,2024-06-14 06:27:03.689686097,40.38,1,9,3,40.38
NG-00081,Lucknow District Court,Cheque Bounce,2022-08-01,2022,,46.98,0,6,4,46.98
NG-00082,Noida District Court,Civil Dispute,2020-08-01,2020,2022-07-24 11:06:55.319375018,23.73,1,5,2,23.73
NG-00083,Jaipur District Court,Motor Accident,2020-12-01,2020,2025-03-04 23:58:13.776381814,51.08,1,7,0,51.08
NG-00084,Lucknow District Court,Cheque Bounce,2020-09-01,2020,2023-06-29 05:45:35.116747626,33.88,1,4,3,33.88
NG-00085,Noida District Court,Property,2024-03-01,2024,2026-03-22 01:14:04.932389204,24.67,1,10,4,24.67
NG-00086,Jaipur District Court,Motor Accident,2018-04-01,2018,2021-11-07 17:12:36.965352147,43.26,1,6,3,43.26
NG-00087,Lucknow District Court,Cheque Bounce,2019-07-01,2019,2022-12-11 23:03:59.652157227,41.39,1,6,4,41.39
NG-00088,Delhi District Court,Motor Accident,2021-12-01,2021,,54.96,0,4,3,54.96
NG-00089,Jaipur District Court,Motor Accident,2022-11-01,2022,,43.96,0,5,2,43.96
NG-00090,Jaipur District Court,Motor Accident,2019-12-01,2019,2021-07-14 16:00:47.294492736,19.44,1,12,1,19.44
NG-00091,Jaipur District Court,Motor Accident,2021-11-01,2021,2024-02-08 12:41:10.102401680,27.25,1,4,4,27.25
NG-00092,Jaipur District Court,Cheque Bounce,2019-07-01,2019,2022-01-12 11:12:44.844131661,30.44,1,9,3,30.44
NG-00093,Noida District Court,Civil Dispute,2019-03-01,2019,2020-02-19 15:38:53.095208608,11.68,1,7,3,11.68
NG-00094,Jaipur District Court,Civil Dispute,2025-06-01,2025,,12.98,0,4,4,12.98
NG-00095,Jaipur District Court,Civil Dispute,2024-06-01,2024,,24.97,0,12,2,24.97
NG-00096,Jaipur District Court,Motor Accident,2023-04-01,2023,2024-09-30 03:39:54.302537917,18.01,1,5,4,18.01
NG-00097,Noida District Court,Civil Dispute,2020-05-01,2020,2022-08-16 13:20:06.340303213,27.51,1,9,1,27.51
NG-00098,Delhi District Court,Cheque Bounce,2025-10-01,2025,,8.97,0,5,4,8.97
NG-00099,Noida District Court,Cheque Bounce,2021-09-01,2021,2024-07-26 15:07:58.381311616,34.81,1,7,6,34.81
NG-00100,Delhi District Court,Motor Accident,2021-05-01,2021,2024-12-13 03:44:10.750591870,43.43,1,4,4,43.43
NG-00101,Lucknow District Court,Motor Accident,2020-10-01,2020,2023-08-12 15:58:52.007689839,34.35,1,8,4,34.35
NG-00102,Delhi District Court,Motor Accident,2025-01-01,2025,,17.94,0,6,1,17.94
NG-00103,Jaipur District Court,Property,2024-09-01,2024,,21.94,0,9,2,21.94
NG-00104,Jaipur District Court,Family,2023-04-01,2023,2025-10-17 11:39:41.981593596,30.57,1,5,2,30.57
NG-00105,Noida District Court,Cheque Bounce,2024-05-01,2024,,25.99,0,8,6,25.99
NG-00106,Lucknow District Court,Civil Dispute,2021-02-01,2021,2024-07-16 16:46:05.687271505,41.45,1,10,6,41.45
NG-00107,Delhi District Court,Cheque Bounce,2025-08-01,2025,,10.97,0,12,3,10.97
NG-00108,Noida District Court,Motor Accident,2024-01-01,2024,,29.96,0,8,3,29.96
NG-00109,Noida District Court,Property,2023-05-01,2023,2025-03-21 17:20:17.155481337,22.69,1,9,4,22.69
NG-00110,Jaipur District Court,Cheque Bounce,2021-01-01,2021,2023-07-26 15:20:41.743758016,30.77,1,9,3,30.77
NG-00111,Lucknow District Court,Cheque Bounce,2020-10-01,2020,2024-07-14 03:49:23.718299456,45.41,1,7,4,45.41
NG-00112,Delhi District Court,Property,2019-08-01,2019,2021-04-27 12:11:18.155484522,20.88,1,6,1,20.88
NG-00113,Lucknow District Court,Motor Accident,2019-06-01,2019,2023-10-17 12:34:05.339401639,52.55,1,9,4,52.55
NG-00114,Jaipur District Court,Cheque Bounce,2021-03-01,2021,2023-02-15 17:06:36.498320141,23.55,1,1,3,23.55
NG-00115,Delhi District Court,Cheque Bounce,2025-05-01,2025,,13.99,0,11,1,13.99
NG-00116,Jaipur District Court,Motor Accident,2018-07-01,2018,2023-06-17 06:18:39.412143492,59.54,1,13,4,59.54
NG-00117,Noida District Court,Cheque Bounce,2020-06-01,2020,2022-10-23 05:48:01.376159339,28.72,1,5,1,28.72
NG-00118,Delhi District Court,Cheque Bounce,2018-01-01,2018,2021-12-02 16:39:25.656593806,47.03,1,5,1,47.03
NG-00119,Delhi District Court,Cheque Bounce,2018-08-01,2018,2022-04-29 10:20:51.337735134,44.92,1,8,2,44.92
NG-00120,Lucknow District Court,Family,2020-01-01,2020,2021-07-23 19:11:11.524743983,18.72,1,9,0,18.72
NG-00121,Delhi District Court,Cheque Bounce,2021-02-01,2021,2022-04-17 14:24:48.898591522,14.47,1,6,5,14.47
NG-00122,Lucknow District Court,Property,2022-02-01,2022,2024-07-06 16:08:04.890751641,29.13,1,9,1,29.13
NG-00123,Jaipur District Court,Cheque Bounce,2023-12-01,2023,,30.98,0,9,2,30.98
NG-00124,Lucknow District Court,Civil Dispute,2022-05-01,2022,2025-07-29 23:06:34.033870284,38.96,1,9,2,38.96
NG-00125,Delhi District Court,Civil Dispute,2021-07-01,2021,,59.99,0,5,0,59.99
NG-00126,Jaipur District Court,Civil Dispute,2024-10-01,2024,,20.96,0,5,1,20.96
NG-00127,Noida District Court,Property,2018-03-01,2018,2019-11-07 22:42:17.990302285,20.27,1,8,2,20.27
NG-00128,Lucknow District Court,Civil Dispute,2018-06-01,2018,2021-10-18 11:42:31.412124069,40.59,1,5,1,40.59
NG-00129,Jaipur District Court,Motor Accident,2022-12-01,2022,2025-03-10 22:14:51.688015540,27.3,1,9,0,27.3
NG-00130,Noida District Court,Family,2021-03-01,2021,2022-07-20 07:39:24.589955125,16.63,1,9,2,16.63
NG-00131,Lucknow District Court,Family,2019-05-01,2019,2022-02-13 19:26:11.573733624,33.5,1,10,1,33.5
NG-00132,Delhi District Court,Cheque Bounce,2025-02-01,2025,,16.92,0,3,1,16.92
NG-00133,Noida District Court,Cheque Bounce,2020-08-01,2020,2022-04-26 04:37:55.931319200,20.8,1,14,3,20.8
NG-00134,Delhi District Court,Cheque Bounce,2023-10-01,2023,2026-01-26 01:21:55.479964340,27.86,1,6,2,27.86
NG-00135,Delhi District Court,Motor Accident,2020-12-01,2020,,66.95,0,6,3,66.95
NG-00136,Noida District Court,Motor Accident,2022-11-01,2022,2024-05-11 06:15:55.225971377,18.31,1,7,2,18.31
NG-00137,Delhi District Court,Property,2018-04-01,2018,2023-07-19 18:19:47.399298176,63.59,1,8,1,63.59
NG-00138,Noida District Court,Motor Accident,2025-02-01,2025,,16.92,0,7,3,16.92
NG-00139,Delhi District Court,Property,2020-06-01,2020,2021-09-26 04:52:26.846883788,15.84,1,8,2,15.84
NG-00140,Delhi District Court,Property,2020-05-01,2020,2022-09-29 13:17:23.506372158,28.96,1,9,4,28.96
NG-00141,Jaipur District Court,Property,2024-01-01,2024,2025-10-04 07:21:05.339470898,21.1,1,8,3,21.1
NG-00142,Jaipur District Court,Cheque Bounce,2023-02-01,2023,2025-06-28 08:42:23.686349581,28.86,1,9,1,28.86
NG-00143,Lucknow District Court,Family,2025-03-01,2025,,16.0,0,8,1,16.0
NG-00144,Noida District Court,Cheque Bounce,2018-10-01,2018,2020-10-25 11:49:15.728222519,24.82,1,4,0,24.82
NG-00145,Noida District Court,Cheque Bounce,2019-02-01,2019,2021-10-26 07:01:05.703011114,32.8,1,9,0,32.8
NG-00146,Jaipur District Court,Family,2025-04-01,2025,2026-04-22 18:44:46.844930641,12.71,1,5,0,12.71
NG-00147,Noida District Court,Civil Dispute,2022-04-01,2022,,50.99,0,6,4,50.99
NG-00148,Lucknow District Court,Civil Dispute,2021-04-01,2021,2024-02-08 15:14:26.332013613,34.28,1,6,3,34.28
NG-00149,Noida District Court,Motor Accident,2024-04-01,2024,,26.97,0,5,3,26.97
NG-00150,Delhi District Court,Property,2019-10-01,2019,2022-05-27 08:24:45.842544207,31.84,1,12,1,31.84
NG-00151,Lucknow District Court,Cheque Bounce,2025-02-01,2025,,16.92,0,8,5,16.92
NG-00152,Delhi District Court,Family,2021-12-01,2021,2024-08-17 18:18:25.113109017,32.55,1,5,4,32.55
NG-00153,Lucknow District Court,Property,2022-01-01,2022,,53.94,0,5,3,53.94
NG-00154,Jaipur District Court,Civil Dispute,2023-06-01,2023,2025-03-11 01:59:49.015040976,21.32,1,5,1,21.32
NG-00155,Lucknow District Court,Cheque Bounce,2019-03-01,2019,2023-04-20 23:10:59.622004810,49.67,1,8,4,49.67
NG-00156,Noida District Court,Cheque Bounce,2023-09-01,2023,2025-01-14 02:37:16.875398236,16.46,1,9,1,16.46
NG-00157,Noida District Court,Cheque Bounce,2019-11-01,2019,2025-08-11 09:44:55.934049454,69.33,1,6,7,69.33
NG-00158,Jaipur District Court,Family,2019-05-01,2019,2022-01-31 09:13:38.127672693,33.06,1,4,2,33.06
NG-00159,Jaipur District Court,Civil Dispute,2020-07-01,2020,2024-10-13 02:44:46.902871593,51.42,1,6,1,51.42
NG-00160,Jaipur District Court,Family,2019-07-01,2019,2020-10-31 20:29:20.428904555,16.06,1,4,1,16.06
NG-00161,Noida District Court,Property,2024-02-01,2024,2026-02-27 20:59:34.303527738,24.9,1,6,1,24.9
NG-00162,Jaipur District Court,Cheque Bounce,2019-06-01,2019,2022-04-24 12:00:14.522779647,34.77,1,7,5,34.77
NG-00163,Delhi District Court,Property,2019-10-01,2019,2024-03-15 18:45:57.264579763,53.48,1,14,4,53.48
NG-00164,Delhi District Court,Cheque Bounce,2022-06-01,2022,,48.98,0,10,6,48.98
NG-00165,Delhi District Court,Family,2024-01-01,2024,2025-08-08 15:57:34.236669614,19.24,1,7,4,19.24
NG-00166,Noida District Court,Property,2022-06-01,2022,2024-08-08 02:02:17.442975981,26.25,1,10,3,26.25
NG-00167,Noida District Court,Motor Accident,2022-05-01,2022,2024-10-20 20:20:49.895424902,29.69,1,8,4,29.69
NG-00168,Noida District Court,Cheque Bounce,2022-08-01,2022,2023-12-21 15:32:45.398026080,16.68,1,6,1,16.68
NG-00169,Lucknow District Court,Civil Dispute,2024-09-01,2024,,21.94,0,6,2,21.94
NG-00170,Noida District Court,Cheque Bounce,2018-07-01,2018,2022-09-07 18:07:13.099499754,50.25,1,8,2,50.25
NG-00171,Jaipur District Court,Cheque Bounce,2024-07-01,2024,,23.98,0,9,5,23.98
NG-00172,Lucknow District Court,Cheque Bounce,2019-10-01,2019,2024-02-01 04:19:05.110778478,52.04,1,5,1,52.04
NG-00173,Lucknow District Court,Family,2023-09-01,2023,,33.97,0,13,0,33.97
NG-00174,Jaipur District Court,Cheque Bounce,2023-04-01,2023,2025-01-08 06:31:42.357597072,21.3,1,4,1,21.3
NG-00175,Jaipur District Court,Property,2020-04-01,2020,2024-06-02 09:27:58.971080367,50.05,1,8,3,50.05
NG-00176,Noida District Court,Family,2020-08-01,2020,2022-11-12 07:19:33.858551239,27.38,1,6,1,27.38
NG-00177,Jaipur District Court,Family,2018-09-01,2018,2020-08-24 12:04:18.485105447,23.77,1,11,1,23.77
NG-00178,Noida District Court,Civil Dispute,2023-07-01,2023,2025-02-05 03:28:31.584896771,19.22,1,4,1,19.22
NG-00179,Delhi District Court,Property,2021-07-01,2021,2025-03-12 00:58:01.066065703,44.35,1,5,0,44.35
NG-00180,Delhi District Court,Cheque Bounce,2019-02-01,2019,2021-10-31 13:09:41.064788508,32.97,1,9,3,32.97
NG-00181,Jaipur District Court,Motor Accident,2018-05-01,2018,2020-05-27 05:56:19.588009064,24.88,1,6,1,24.88
NG-00182,Jaipur District Court,Family,2022-01-01,2022,2024-04-18 02:06:02.535763510,27.53,1,11,1,27.53
NG-00183,Lucknow District Court,Family,2019-12-01,2019,2022-04-04 22:51:18.473980000,28.12,1,8,3,28.12
NG-00184,Delhi District Court,Motor Accident,2019-10-01,2019,2021-10-12 17:16:38.867896989,24.4,1,6,2,24.4
NG-00185,Noida District Court,Property,2025-05-01,2025,,13.99,0,8,1,13.99
NG-00186,Lucknow District Court,Property,2022-10-01,2022,2025-07-27 17:44:25.716532122,33.86,1,8,4,33.86
NG-00187,Jaipur District Court,Cheque Bounce,2018-10-01,2018,2019-11-03 06:34:24.535075857,13.08,1,8,2,13.08
NG-00188,Lucknow District Court,Civil Dispute,2021-02-01,2021,2025-10-03 10:56:14.673520763,56.03,1,6,4,56.03
NG-00189,Lucknow District Court,Motor Accident,2021-09-01,2021,,57.95,0,11,2,57.95
NG-00190,Lucknow District Court,Property,2024-06-01,2024,,24.97,0,7,0,24.97
NG-00191,Jaipur District Court,Motor Accident,2023-01-01,2023,2024-12-21 05:19:51.034683771,23.66,1,5,4,23.66
NG-00192,Lucknow District Court,Motor Accident,2021-11-01,2021,2025-01-07 02:01:33.689655624,38.21,1,6,1,38.21
NG-00193,Delhi District Court,Family,2025-04-01,2025,,14.98,0,8,2,14.98
NG-00194,Jaipur District Court,Cheque Bounce,2023-02-01,2023,2025-07-02 01:37:54.265195381,28.98,1,6,4,28.98
NG-00195,Jaipur District Court,Motor Accident,2024-07-01,2024,,23.98,0,6,4,23.98
NG-00196,Delhi District Court,Civil Dispute,2024-02-01,2024,,28.94,0,3,4,28.94
NG-00197,Delhi District Court,Cheque Bounce,2023-01-01,2023,2025-09-24 08:48:03.584013197,32.77,1,7,2,32.77
NG-00198,Delhi District Court,Cheque Bounce,2024-06-01,2024,2026-04-02 10:20:26.311753933,22.02,1,2,3,22.02
NG-00199,Delhi District Court,Family,2022-03-01,2022,2023-10-08 23:28:08.240933150,19.28,1,10,0,19.28
NG-00200,Jaipur District Court,Cheque Bounce,2023-05-01,2023,,38.01,0,6,2,38.01
NG-00201,Noida District Court,Cheque Bounce,2023-10-01,2023,,32.98,0,7,1,32.98
NG-00202,Lucknow District Court,Civil Dispute,2023-04-01,2023,2025-04-04 13:01:29.508308690,24.13,1,11,2,24.13
NG-00203,Lucknow District Court,Property,2020-03-01,2020,2022-12-09 00:18:04.647179459,33.28,1,4,1,33.28
NG-00204,Delhi District Court,Cheque Bounce,2025-12-01,2025,,6.96,0,10,1,6.96
NG-00205,Delhi District Court,Civil Dispute,2023-01-01,2023,,41.95,0,10,2,41.95
NG-00206,Delhi District Court,Cheque Bounce,2021-08-01,2021,2023-03-11 15:21:28.639957075,19.3,1,6,1,19.3
NG-00207,Noida District Court,Civil Dispute,2018-10-01,2018,2021-01-24 01:35:09.979647256,27.79,1,9,2,27.79
NG-00208,Jaipur District Court,Civil Dispute,2025-07-01,2025,,11.99,0,7,2,11.99
NG-00209,Delhi District Court,Property,2020-04-01,2020,2022-10-02 10:56:35.959009608,30.04,1,9,2,30.04
NG-00210,Noida District Court,Cheque Bounce,2024-11-01,2024,,19.94,0,3,6,19.94
NG-00211,Lucknow District Court,Motor Accident,2022-07-01,2022,2023-07-26 11:06:38.513408904,12.83,1,4,2,12.83
NG-00212,Noida District Court,Property,2024-01-01,2024,,29.96,0,10,1,29.96
NG-00213,Noida District Court,Family,2022-09-01,2022,,45.96,0,7,6,45.96
NG-00214,Delhi District Court,Civil Dispute,2021-04-01,2021,2022-04-14 09:37:31.800681929,12.43,1,3,0,12.43
NG-00215,Delhi District Court,Family,2020-09-01,2020,2023-02-09 18:58:24.992830119,29.3,1,4,0,29.3
NG-00216,Lucknow District Court,Motor Accident,2019-11-01,2019,2021-07-04 03:47:56.053421393,20.08,1,4,4,20.08
NG-00217,Lucknow District Court,Civil Dispute,2021-10-01,2021,2023-04-12 03:53:59.776169930,18.34,1,15,2,18.34
NG-00218,Jaipur District Court,Cheque Bounce,2022-10-01,2022,2026-04-11 16:44:33.401076639,42.34,1,6,5,42.34
NG-00219,Jaipur District Court,Motor Accident,2023-03-01,2023,2025-04-24 16:40:49.177256134,25.81,1,9,2,25.81
NG-00220,Lucknow District Court,Property,2021-01-01,2021,2022-10-27 11:25:03.614736141,21.83,1,3,3,21.83
NG-00221,Jaipur District Court,Motor Accident,2022-06-01,2022,2024-12-16 19:13:43.621900631,30.55,1,9,4,30.55
NG-00222,Delhi District Court,Property,2018-11-01,2018,2024-08-31 01:42:25.296339922,69.98,1,9,2,69.98
NG-00223,Jaipur District Court,Cheque Bounce,2023-01-01,2023,,41.95,0,12,0,41.95
NG-00224,Lucknow District Court,Motor Accident,2020-12-01,2020,2022-05-12 18:18:13.507490361,17.34,1,6,1,17.34
NG-00225,Noida District Court,Civil Dispute,2023-07-01,2023,,36.01,0,9,6,36.01
NG-00226,Jaipur District Court,Property,2024-05-01,2024,,25.99,0,6,0,25.99
NG-00227,Noida District Court,Family,2018-04-01,2018,2020-05-24 17:54:51.178787441,25.78,1,6,1,25.78
NG-00228,Noida District Court,Motor Accident,2022-01-01,2022,2023-06-24 07:19:46.617090692,17.72,1,7,2,17.72
NG-00229,Delhi District Court,Family,2020-10-01,2020,2023-12-27 11:01:53.243445244,38.85,1,5,2,38.85
NG-00230,Lucknow District Court,Motor Accident,2022-08-01,2022,2024-05-31 23:49:03.788619876,22.01,1,3,3,22.01
NG-00231,Delhi District Court,Motor Accident,2021-02-01,2021,2026-03-07 03:44:08.935237936,61.11,1,5,9,61.11
NG-00232,Delhi District Court,Property,2022-07-01,2022,,48.0,0,14,3,48.0
NG-00233,Lucknow District Court,Cheque Bounce,2022-02-01,2022,2024-12-04 10:57:41.529012171,34.08,1,5,3,34.08
NG-00234,Jaipur District Court,Motor Accident,2019-02-01,2019,2021-02-21 18:27:14.762860338,24.7,1,4,4,24.7
NG-00235,Noida District Court,Family,2023-06-01,2023,2025-01-21 18:26:45.601121132,19.74,1,8,3,19.74
NG-00236,Lucknow District Court,Cheque Bounce,2023-04-01,2023,2025-01-28 12:23:01.708705737,21.96,1,4,3,21.96
NG-00237,Jaipur District Court,Cheque Bounce,2019-01-01,2019,2020-10-21 18:36:43.924246626,21.67,1,7,2,21.67
NG-00238,Delhi District Court,Motor Accident,2023-10-01,2023,2025-03-19 12:03:23.154278307,17.59,1,6,4,17.59
NG-00239,Delhi District Court,Family,2021-12-01,2021,2024-05-03 09:25:15.922295814,29.05,1,11,2,29.05
NG-00240,Delhi District Court,Cheque Bounce,2021-10-01,2021,2025-01-03 10:18:07.430646553,39.11,1,4,3,39.11
NG-00241,Delhi District Court,Civil Dispute,2022-02-01,2022,2024-02-06 22:52:31.040505808,24.18,1,5,1,24.18
NG-00242,Noida District Court,Motor Accident,2021-09-01,2021,2024-07-13 22:36:25.352038699,34.39,1,7,5,34.39
NG-00243,Jaipur District Court,Cheque Bounce,2019-09-01,2019,2021-09-10 01:34:01.335190748,24.31,1,13,3,24.31
NG-00244,Lucknow District Court,Civil Dispute,2020-12-01,2020,2023-09-22 03:16:35.256360861,33.68,1,9,2,33.68
NG-00245,Lucknow District Court,Cheque Bounce,2018-12-01,2018,2024-07-22 19:33:58.169992187,67.7,1,5,5,67.7
NG-00246,Delhi District Court,Motor Accident,2019-12-01,2019,2022-08-19 16:20:08.870305476,32.61,1,5,1,32.61
NG-00247,Delhi District Court,Motor Accident,2019-07-01,2019,2021-04-04 17:23:38.291888924,21.15,1,4,1,21.15
NG-00248,Delhi District Court,Civil Dispute,2018-07-01,2018,2022-06-17 11:22:44.883087127,47.55,1,4,4,47.55
NG-00249,Delhi District Court,Cheque Bounce,2018-11-01,2018,2021-01-01 06:48:00.277671314,26.03,1,7,1,26.03
NG-00250,Noida District Court,Cheque Bounce,2025-03-01,2025,,16.0,0,6,2,16.0
NG-00251,Jaipur District Court,Motor Accident,2024-06-01,2024,,24.97,0,8,4,24.97
NG-00252,Jaipur District Court,Motor Accident,2024-06-01,2024,2026-06-09 01:01:18.919934535,24.25,1,8,4,24.25
NG-00253,Jaipur District Court,Cheque Bounce,2023-06-01,2023,2026-02-22 08:36:21.024894173,32.76,1,7,1,32.76
NG-00254,Jaipur District Court,Property,2021-07-01,2021,2023-08-22 14:16:44.575457877,25.71,1,6,3,25.71
NG-00255,Jaipur District Court,Motor Accident,2024-06-01,2024,,24.97,0,9,2,24.97
NG-00256,Delhi District Court,Property,2020-04-01,2020,2024-01-15 05:19:10.055873210,45.47,1,14,6,45.47
NG-00257,Noida District Court,Property,2018-01-01,2018,2019-11-27 09:59:33.464424160,22.85,1,6,1,22.85
NG-00258,Lucknow District Court,Civil Dispute,2025-03-01,2025,,16.0,0,4,1,16.0
NG-00259,Jaipur District Court,Civil Dispute,2022-07-01,2022,2024-12-27 21:32:56.039087163,29.92,1,4,5,29.92
NG-00260,Lucknow District Court,Property,2022-12-01,2022,2024-06-05 18:02:27.515242357,18.16,1,9,0,18.16
NG-00261,Noida District Court,Property,2023-08-01,2023,,34.99,0,5,2,34.99
NG-00262,Lucknow District Court,Family,2019-03-01,2019,2020-07-13 19:49:15.619373091,16.45,1,5,1,16.45
NG-00263,Noida District Court,Motor Accident,2018-04-01,2018,2019-04-24 04:08:37.480802377,12.75,1,2,1,12.75
NG-00264,Jaipur District Court,Cheque Bounce,2025-07-01,2025,,11.99,0,5,1,11.99
NG-00265,Jaipur District Court,Motor Accident,2024-02-01,2024,2025-10-23 17:32:39.624456324,20.72,1,5,2,20.72
NG-00266,Noida District Court,Motor Accident,2023-01-01,2023,2025-02-07 08:37:55.149491487,25.24,1,7,5,25.24
NG-00267,Delhi District Court,Cheque Bounce,2019-07-01,2019,2022-05-07 14:29:35.772638755,34.22,1,4,1,34.22
NG-00268,Noida District Court,Motor Accident,2025-03-01,2025,,16.0,0,4,4,16.0
NG-00269,Lucknow District Court,Family,2021-03-01,2021,2023-12-19 09:27:55.744909352,33.62,1,2,4,33.62
NG-00270,Lucknow District Court,Family,2020-01-01,2020,2024-10-21 19:50:32.478410515,57.68,1,9,1,57.68
NG-00271,Delhi District Court,Cheque Bounce,2025-08-01,2025,,10.97,0,4,0,10.97
NG-00272,Lucknow District Court,Cheque Bounce,2018-02-01,2018,2021-04-27 22:56:43.384981591,38.83,1,9,1,38.83
NG-00273,Lucknow District Court,Civil Dispute,2025-09-01,2025,,9.95,0,9,2,9.95
NG-00274,Noida District Court,Property,2019-03-01,2019,2021-05-20 16:08:19.443622663,26.66,1,5,3,26.66
NG-00275,Lucknow District Court,Property,2023-07-01,2023,2026-01-22 19:09:12.206536326,30.78,1,7,3,30.78
NG-00276,Delhi District Court,Property,2022-12-01,2022,2025-09-23 18:43:05.095748170,33.76,1,5,1,33.76
NG-00277,Noida District Court,Property,2018-04-01,2018,2022-04-24 07:13:57.126313009,48.76,1,6,1,48.76
NG-00278,Noida District Court,Motor Accident,2018-05-01,2018,2022-01-04 08:04:36.888945228,44.16,1,6,3,44.16
NG-00279,Noida District Court,Property,2021-09-01,2021,,57.95,0,8,3,57.95
NG-00280,Delhi District Court,Cheque Bounce,2022-02-01,2022,2023-04-10 08:48:21.202363226,14.24,1,7,3,14.24
NG-00281,Lucknow District Court,Family,2023-09-01,2023,2025-04-19 13:42:55.323406491,19.6,1,9,2,19.6
NG-00282,Delhi District Court,Family,2021-01-01,2021,2023-04-16 20:39:06.129065692,27.46,1,6,3,27.46
NG-00283,Jaipur District Court,Civil Dispute,2018-08-01,2018,2021-08-26 22:43:33.786817167,36.86,1,8,3,36.86
NG-00284,Noida District Court,Property,2024-06-01,2024,,24.97,0,6,0,24.97
NG-00285,Delhi District Court,Cheque Bounce,2020-09-01,2020,2024-01-22 11:54:13.785625221,40.69,1,5,4,40.69
NG-00286,Lucknow District Court,Motor Accident,2025-03-01,2025,,16.0,0,5,4,16.0
NG-00287,Lucknow District Court,Motor Accident,2019-12-01,2019,2022-05-10 08:26:54.583928145,29.28,1,12,2,29.28
NG-00288,Delhi District Court,Civil Dispute,2019-03-01,2019,2023-05-19 12:49:30.063120401,50.61,1,10,4,50.61
NG-00289,Jaipur District Court,Property,2019-07-01,2019,2023-11-29 17:15:41.609839423,52.98,1,9,1,52.98
NG-00290,Noida District Court,Cheque Bounce,2023-08-01,2023,2026-01-27 17:32:59.004336932,29.92,1,4,1,29.92
NG-00291,Noida District Court,Motor Accident,2020-09-01,2020,2024-03-03 05:43:21.249038565,42.02,1,6,3,42.02
NG-00292,Lucknow District Court,Family,2024-11-01,2024,,19.94,0,7,1,19.94
NG-00293,Delhi District Court,Cheque Bounce,2023-01-01,2023,2026-05-18 13:30:46.627300373,40.52,1,4,4,40.52
NG-00294,Delhi District Court,Family,2018-06-01,2018,2021-09-10 13:20:45.893208367,39.34,1,11,1,39.34
NG-00295,Jaipur District Court,Cheque Bounce,2021-01-01,2021,2022-09-09 07:40:11.338292922,20.25,1,9,2,20.25
NG-00296,Noida District Court,Civil Dispute,2023-10-01,2023,2026-01-27 08:27:43.658893258,27.9,1,9,0,27.9
NG-00297,Jaipur District Court,Cheque Bounce,2019-06-01,2019,2020-10-06 08:51:04.494447000,16.21,1,2,3,16.21
NG-00298,Lucknow District Court,Civil Dispute,2019-06-01,2019,2023-02-23 00:38:24.274585864,44.78,1,10,3,44.78
NG-00299,Noida District Court,Cheque Bounce,2021-01-01,2021,2022-07-25 06:51:41.915468462,18.73,1,1,1,18.73
NG-00300,Noida District Court,Civil Dispute,2023-12-01,2023,2025-11-12 08:54:04.848492000,23.4,1,9,3,23.4
NG-00301,Jaipur District Court,Family,2024-07-01,2024,,23.98,0,6,4,23.98
NG-00302,Noida District Court,Cheque Bounce,2019-03-01,2019,2021-06-13 06:18:04.505447966,27.44,1,9,4,27.44
NG-00303,Delhi District Court,Motor Accident,2020-11-01,2020,2022-11-13 08:26:16.300785212,24.39,1,2,3,24.39
NG-00304,Delhi District Court,Cheque Bounce,2018-08-01,2018,2021-03-20 20:26:32.614782002,31.63,1,6,3,31.63
NG-00305,Delhi District Court,Cheque Bounce,2025-12-01,2025,,6.96,0,6,3,6.96
NG-00306,Lucknow District Court,Family,2020-05-01,2020,2022-05-29 11:45:42.666905776,24.92,1,7,3,24.92
NG-00307,Jaipur District Court,Family,2020-03-01,2020,2021-05-15 08:20:39.400987202,14.47,1,9,2,14.47
NG-00308,Noida District Court,Civil Dispute,2018-05-01,2018,2024-05-30 18:50:53.480848369,72.99,1,9,3,72.99
NG-00309,Noida District Court,Family,2020-11-01,2020,2022-03-31 22:44:13.548206489,16.95,1,7,1,16.95
NG-00310,Jaipur District Court,Property,2022-10-01,2022,,44.97,0,9,2,44.97
NG-00311,Jaipur District Court,Property,2019-07-01,2019,2021-01-18 13:50:34.676277224,18.65,1,2,1,18.65
NG-00312,Delhi District Court,Cheque Bounce,2019-04-01,2019,2021-03-14 18:55:22.549170783,23.45,1,10,2,23.45
NG-00313,Noida District Court,Cheque Bounce,2018-05-01,2018,2020-08-12 09:13:45.996511031,27.41,1,7,3,27.41
NG-00314,Lucknow District Court,Family,2023-08-01,2023,2025-07-29 09:31:29.493846534,23.93,1,7,3,23.93
NG-00315,Jaipur District Court,Property,2025-04-01,2025,,14.98,0,5,1,14.98
NG-00316,Jaipur District Court,Cheque Bounce,2020-11-01,2020,2024-12-05 19:04:03.088344512,49.14,1,6,2,49.14
NG-00317,Jaipur District Court,Cheque Bounce,2025-11-01,2025,,7.95,0,7,1,7.95
NG-00318,Noida District Court,Motor Accident,2020-07-01,2020,2021-08-21 10:21:04.757160957,13.68,1,7,3,13.68
NG-00319,Lucknow District Court,Property,2019-06-01,2019,2021-12-07 06:57:29.443583563,30.23,1,7,4,30.23
NG-00320,Noida District Court,Motor Accident,2025-11-01,2025,,7.95,0,5,1,7.95
NG-00321,Noida District Court,Property,2019-10-01,2019,2023-01-08 21:34:02.750637483,39.29,1,7,2,39.29
NG-00322,Lucknow District Court,Civil Dispute,2018-03-01,2018,2019-09-29 03:51:30.854756514,18.96,1,8,0,18.96
NG-00323,Jaipur District Court,Property,2022-07-01,2022,2025-03-16 03:38:56.003278548,32.5,1,9,1,32.5
NG-00324,Noida District Court,Property,2020-06-01,2020,2023-09-21 20:10:25.847901396,39.68,1,9,4,39.68
NG-00325,Delhi District Court,Cheque Bounce,2019-01-01,2019,2020-05-02 16:45:12.643704696,16.02,1,3,1,16.02
NG-00326,Jaipur District Court,Property,2021-11-01,2021,2023-09-12 15:38:48.555548047,22.36,1,11,1,22.36
NG-00327,Jaipur District Court,Cheque Bounce,2018-05-01,2018,2021-07-06 05:31:46.089908754,38.18,1,3,4,38.18
NG-00328,Lucknow District Court,Cheque Bounce,2021-02-01,2021,2022-06-30 22:18:04.137581229,16.92,1,5,0,16.92
NG-00329,Lucknow District Court,Motor Accident,2024-03-01,2024,,27.99,0,6,1,27.99
NG-00330,Noida District Court,Civil Dispute,2024-08-01,2024,,22.96,0,5,5,22.96
NG-00331,Lucknow District Court,Property,2023-05-01,2023,2025-11-26 07:35:27.778932545,30.89,1,11,3,30.89
NG-00332,Delhi District Court,Civil Dispute,2025-12-01,2025,,6.96,0,6,4,6.96
NG-00333,Jaipur District Court,Cheque Bounce,2019-11-01,2019,2022-06-23 12:59:10.813731273,31.72,1,5,2,31.72
NG-00334,Delhi District Court,Cheque Bounce,2025-05-01,2025,,13.99,0,6,1,13.99
NG-00335,Noida District Court,Cheque Bounce,2019-12-01,2019,2021-12-27 20:42:05.570566240,24.9,1,8,4,24.9
NG-00336,Jaipur District Court,Property,2024-04-01,2024,,26.97,0,11,3,26.97
NG-00337,Lucknow District Court,Motor Accident,2025-06-01,2025,,12.98,0,6,3,12.98
NG-00338,Lucknow District Court,Motor Accident,2019-03-01,2019,2022-12-14 19:36:58.441530312,45.49,1,6,5,45.49
NG-00339,Noida District Court,Civil Dispute,2020-05-01,2020,2021-12-13 03:03:07.490702445,19.42,1,4,3,19.42
NG-00340,Jaipur District Court,Cheque Bounce,2018-10-01,2018,2021-03-09 02:36:44.958510299,29.24,1,4,2,29.24
NG-00341,Lucknow District Court,Cheque Bounce,2024-12-01,2024,,18.96,0,10,3,18.96
NG-00342,Lucknow District Court,Family,2018-09-01,2018,2021-05-15 15:39:39.102328961,32.45,1,6,2,32.45
NG-00343,Delhi District Court,Property,2019-06-01,2019,2024-01-18 13:18:41.285010807,55.6,1,3,1,55.6
NG-00344,Delhi District Court,Cheque Bounce,2025-07-01,2025,,11.99,0,4,2,11.99
NG-00345,Jaipur District Court,Cheque Bounce,2025-02-01,2025,,16.92,0,9,1,16.92
NG-00346,Delhi District Court,Motor Accident,2020-04-01,2020,2022-01-16 19:13:46.785131898,21.54,1,3,1,21.54
NG-00347,Lucknow District Court,Property,2024-06-01,2024,2025-09-30 02:23:14.005309920,15.97,1,6,2,15.97
NG-00348,Delhi District Court,Civil Dispute,2024-11-01,2024,,19.94,0,10,2,19.94
NG-00349,Delhi District Court,Property,2022-01-01,2022,2024-05-23 04:30:08.271193124,28.69,1,7,3,28.69
NG-00350,Jaipur District Court,Cheque Bounce,2020-12-01,2020,2023-12-10 04:06:07.116415977,36.27,1,6,2,36.27
NG-00351,Noida District Court,Civil Dispute,2024-01-01,2024,2026-02-04 06:38:24.983892504,25.14,1,13,3,25.14
NG-00352,Delhi District Court,Motor Accident,2018-05-01,2018,2020-02-29 08:29:08.014865809,21.99,1,8,3,21.99
NG-00353,Lucknow District Court,Property,2023-11-01,2023,2025-10-31 21:50:57.198208378,24.01,1,7,0,24.01
NG-00354,Delhi District Court,Family,2018-01-01,2018,2019-12-30 11:49:20.341048638,23.93,1,4,1,23.93
NG-00355,Noida District Court,Property,2018-03-01,2018,2022-01-12 06:30:33.447291851,46.43,1,7,2,46.43
NG-00356,Noida District Court,Civil Dispute,2025-03-01,2025,,16.0,0,5,1,16.0
NG-00357,Lucknow District Court,Motor Accident,2020-05-01,2020,2022-12-06 06:29:57.273714939,31.18,1,12,2,31.18
NG-00358,Jaipur District Court,Cheque Bounce,2025-10-01,2025,,8.97,0,7,2,8.97
NG-00359,Lucknow District Court,Family,2018-08-01,2018,2020-08-11 23:53:33.568899933,24.38,1,9,3,24.38
NG-00360,Jaipur District Court,Cheque Bounce,2020-01-01,2020,2023-06-12 00:09:11.464313158,41.33,1,11,6,41.33
NG-00361,Noida District Court,Cheque Bounce,2023-01-01,2023,2024-03-09 18:48:33.595875875,14.25,1,7,2,14.25
NG-00362,Delhi District Court,Cheque Bounce,2019-11-01,2019,2023-05-21 08:16:44.207812623,42.62,1,11,1,42.62
NG-00363,Noida District Court,Cheque Bounce,2023-05-01,2023,,38.01,0,12,5,38.01
NG-00364,Lucknow District Court,Family,2023-07-01,2023,2025-07-29 16:11:48.530932785,24.96,1,7,4,24.96
NG-00365,Noida District Court,Family,2021-04-01,2021,2023-08-04 20:42:16.915405089,28.12,1,6,3,28.12
NG-00366,Lucknow District Court,Cheque Bounce,2025-11-01,2025,,7.95,0,7,3,7.95
NG-00367,Lucknow District Court,Cheque Bounce,2024-12-01,2024,,18.96,0,6,0,18.96
NG-00368,Noida District Court,Family,2022-04-01,2022,2023-02-02 19:15:38.108259662,10.11,1,6,1,10.11
NG-00369,Noida District Court,Family,2019-12-01,2019,2023-01-25 07:10:11.052147780,37.82,1,6,2,37.82
NG-00370,Noida District Court,Property,2022-11-01,2022,2025-06-08 19:36:58.247091457,31.24,1,5,1,31.24
NG-00371,Lucknow District Court,Motor Accident,2021-07-01,2021,2023-11-10 16:19:50.905779712,28.34,1,6,5,28.34
NG-00372,Jaipur District Court,Family,2024-04-01,2024,2026-01-02 05:03:40.863012514,21.06,1,7,1,21.06
NG-00373,Delhi District Court,Civil Dispute,2019-08-01,2019,2020-12-31 09:09:14.070746589,17.03,1,6,0,17.03
NG-00374,Jaipur District Court,Property,2025-05-01,2025,,13.99,0,6,2,13.99
NG-00375,Delhi District Court,Family,2020-03-01,2020,2022-04-12 23:11:17.999649029,25.39,1,9,2,25.39
NG-00376,Delhi District Court,Property,2020-10-01,2020,2022-07-25 01:05:11.411282264,21.75,1,6,1,21.75
NG-00377,Lucknow District Court,Civil Dispute,2022-10-01,2022,2026-05-03 09:30:58.073198250,43.05,1,7,7,43.05
NG-00378,Jaipur District Court,Cheque Bounce,2025-02-01,2025,,16.92,0,10,2,16.92
NG-00379,Noida District Court,Motor Accident,2018-05-01,2018,2023-01-17 10:03:11.159330368,56.58,1,5,4,56.58
NG-00380,Lucknow District Court,Property,2023-06-01,2023,,36.99,0,4,1,36.99
NG-00381,Jaipur District Court,Civil Dispute,2023-04-01,2023,2025-11-26 09:20:52.088053943,31.88,1,6,1,31.88
NG-00382,Delhi District Court,Family,2018-07-01,2018,2019-06-17 22:45:07.409341342,11.56,1,5,1,11.56
NG-00383,Jaipur District Court,Cheque Bounce,2021-11-01,2021,2024-06-25 08:59:04.674552400,31.78,1,6,0,31.78
NG-00384,Noida District Court,Cheque Bounce,2022-07-01,2022,2025-05-12 09:04:42.090969092,34.38,1,9,3,34.38
NG-00385,Jaipur District Court,Motor Accident,2019-06-01,2019,2021-05-10 09:44:34.862447592,23.31,1,4,1,23.31
NG-00386,Delhi District Court,Cheque Bounce,2018-04-01,2018,2023-07-31 06:48:55.814669133,63.97,1,7,2,63.97
NG-00387,Noida District Court,Property,2022-05-01,2022,2024-12-31 03:42:44.968172330,32.04,1,8,1,32.04
NG-00388,Lucknow District Court,Family,2018-07-01,2018,2021-08-22 11:11:43.283931558,37.73,1,11,4,37.73
NG-00389,Lucknow District Court,Family,2022-08-01,2022,2024-07-26 17:33:22.552262792,23.84,1,8,1,23.84
NG-00390,Jaipur District Court,Cheque Bounce,2025-06-01,2025,,12.98,0,8,0,12.98
NG-00391,Noida District Court,Civil Dispute,2023-08-01,2023,2026-03-03 13:39:25.087772917,31.06,1,6,2,31.06
NG-00392,Jaipur District Court,Property,2019-04-01,2019,2022-02-07 08:08:55.260755462,34.28,1,7,5,34.28
NG-00393,Delhi District Court,Cheque Bounce,2019-04-01,2019,2022-06-06 09:14:02.111961848,38.19,1,10,3,38.19
NG-00394,Lucknow District Court,Civil Dispute,2020-11-01,2020,2023-02-01 23:49:35.822782119,27.04,1,3,2,27.04
NG-00395,Noida District Court,Cheque Bounce,2023-08-01,2023,2026-01-13 00:47:47.070465432,29.44,1,5,4,29.44
NG-00396,Jaipur District Court,Motor Accident,2024-11-01,2024,,19.94,0,9,2,19.94
NG-00397,Delhi District Court,Family,2020-11-01,2020,2022-12-24 23:41:15.196605777,25.76,1,10,2,25.76
NG-00398,Delhi District Court,Property,2020-05-01,2020,2023-09-06 22:18:13.294835746,40.21,1,9,5,40.21
NG-00399,Noida District Court,Property,2023-09-01,2023,2025-02-21 01:10:00.765172041,17.71,1,10,2,17.71
NG-00400,Jaipur District Court,Civil Dispute,2019-03-01,2019,2023-02-07 06:10:07.957870207,47.28,1,7,2,47.28
NG-00401,Delhi District Court,Property,2024-06-01,2024,,24.97,0,6,2,24.97
NG-00402,Lucknow District Court,Family,2021-02-01,2021,2024-08-13 19:19:48.753413774,42.37,1,4,2,42.37
NG-00403,Noida District Court,Cheque Bounce,2023-06-01,2023,2026-02-21 17:25:44.222632219,32.74,1,9,3,32.74
NG-00404,Delhi District Court,Civil Dispute,2019-06-01,2019,,84.99,0,6,3,84.99
NG-00405,Lucknow District Court,Cheque Bounce,2019-03-01,2019,2024-08-02 10:41:59.406455040,65.09,1,9,3,65.09
NG-00406,Jaipur District Court,Cheque Bounce,2018-07-01,2018,2021-04-02 10:00:59.964590514,33.06,1,10,3,33.06
NG-00407,Lucknow District Court,Family,2024-01-01,2024,2026-05-30 19:30:14.753082216,28.94,1,5,3,28.94
NG-00408,Lucknow District Court,Civil Dispute,2019-05-01,2019,2023-04-14 09:50:05.157870313,47.45,1,8,3,47.45
NG-00409,Delhi District Court,Civil Dispute,2019-08-01,2019,2025-08-09 20:00:49.559868944,72.3,1,5,1,72.3
NG-00410,Jaipur District Court,Property,2019-02-01,2019,2021-10-17 06:46:02.611379006,32.5,1,5,1,32.5
NG-00411,Noida District Court,Cheque Bounce,2025-02-01,2025,,16.92,0,6,3,16.92
NG-00412,Lucknow District Court,Motor Accident,2023-02-01,2023,2025-02-07 21:13:41.153550087,24.24,1,8,5,24.24
NG-00413,Delhi District Court,Civil Dispute,2022-12-01,2022,,42.97,0,8,4,42.97
NG-00414,Lucknow District Court,Motor Accident,2024-05-01,2024,,25.99,0,4,1,25.99
NG-00415,Delhi District Court,Motor Accident,2018-02-01,2018,2022-09-27 22:43:14.257169883,55.85,1,2,2,55.85
NG-00416,Delhi District Court,Civil Dispute,2019-11-01,2019,2022-09-21 07:29:16.012361400,34.67,1,4,1,34.67
NG-00417,Jaipur District Court,Cheque Bounce,2022-05-01,2022,2024-01-11 16:56:53.897430485,20.39,1,6,3,20.39
NG-00418,Jaipur District Court,Civil Dispute,2023-08-01,2023,2026-04-24 12:39:59.056281884,32.77,1,2,5,32.77
NG-00419,Delhi District Court,Motor Accident,2022-07-01,2022,,48.0,0,9,3,48.0
NG-00420,Lucknow District Court,Cheque Bounce,2020-06-01,2020,2023-10-28 16:40:10.776220642,40.89,1,8,5,40.89
NG-00421,Noida District Court,Cheque Bounce,2021-09-01,2021,2023-09-15 22:15:48.539311107,24.47,1,6,2,24.47
NG-00422,Noida District Court,Cheque Bounce,2019-02-01,2019,2021-08-14 03:31:08.663883726,30.39,1,12,2,30.39
NG-00423,Delhi District Court,Family,2022-07-01,2022,2024-05-20 21:18:08.972754696,22.66,1,5,3,22.66
NG-00424,Jaipur District Court,Cheque Bounce,2020-02-01,2020,2021-12-30 03:28:53.256817729,22.94,1,5,3,22.94
NG-00425,Noida District Court,Cheque Bounce,2021-12-01,2021,2024-02-18 23:24:19.375922710,26.61,1,11,3,26.61
NG-00426,Delhi District Court,Family,2020-05-01,2020,2022-10-09 10:45:57.595086938,29.29,1,9,4,29.29
NG-00427,Delhi District Court,Cheque Bounce,2022-06-01,2022,2025-02-20 08:18:08.475022782,32.7,1,10,1,32.7
NG-00428,Noida District Court,Property,2022-03-01,2022,2026-04-10 19:59:29.812167496,49.34,1,6,1,49.34
NG-00429,Delhi District Court,Property,2023-07-01,2023,,36.01,0,5,7,36.01
NG-00430,Jaipur District Court,Cheque Bounce,2021-12-01,2021,2024-01-03 00:04:31.400701714,25.07,1,7,1,25.07
NG-00431,Noida District Court,Civil Dispute,2018-06-01,2018,2020-10-26 06:47:09.763087594,28.85,1,7,1,28.85
NG-00432,Jaipur District Court,Civil Dispute,2023-09-01,2023,,33.97,0,7,3,33.97
NG-00433,Lucknow District Court,Cheque Bounce,2019-02-01,2019,2024-08-23 22:57:56.601408899,66.72,1,7,6,66.72
NG-00434,Delhi District Court,Family,2018-09-01,2018,2020-03-17 00:31:50.081874300,18.5,1,10,2,18.5
NG-00435,Noida District Court,Property,2023-04-01,2023,2026-05-06 15:53:32.966558845,37.18,1,8,5,37.18
NG-00436,Jaipur District Court,Motor Accident,2021-02-01,2021,2022-11-12 11:55:41.897486020,21.34,1,8,2,21.34
NG-00437,Lucknow District Court,Property,2019-10-01,2019,2023-08-21 13:21:20.935673467,46.67,1,6,5,46.67
NG-00438,Jaipur District Court,Property,2019-08-01,2019,2021-09-01 20:04:10.355160665,25.06,1,1,0,25.06
NG-00439,Lucknow District Court,Property,2025-10-01,2025,,8.97,0,12,0,8.97
NG-00440,Lucknow District Court,Motor Accident,2022-01-01,2022,2024-07-01 20:36:04.580856501,29.99,1,5,5,29.99
NG-00441,Delhi District Court,Property,2020-12-01,2020,2024-03-06 22:41:52.941184736,39.16,1,1,1,39.16
NG-00442,Lucknow District Court,Cheque Bounce,2024-09-01,2024,2026-04-04 19:19:35.769762042,19.08,1,8,2,19.08
NG-00443,Jaipur District Court,Civil Dispute,2020-01-01,2020,2022-05-27 05:09:35.920118802,28.82,1,6,1,28.82
NG-00444,Delhi District Court,Family,2022-12-01,2022,2026-05-10 11:13:24.194229654,41.28,1,8,4,41.28
NG-00445,Lucknow District Court,Family,2023-03-01,2023,2025-04-06 08:47:03.340591949,25.21,1,8,2,25.21
NG-00446,Jaipur District Court,Cheque Bounce,2024-07-01,2024,,23.98,0,2,3,23.98
NG-00447,Jaipur District Court,Property,2023-10-01,2023,,32.98,0,6,4,32.98
NG-00448,Lucknow District Court,Civil Dispute,2025-06-01,2025,,12.98,0,6,2,12.98
NG-00449,Noida District Court,Motor Accident,2018-07-01,2018,2020-08-31 08:57:45.484296693,26.03,1,13,5,26.03
NG-00450,Jaipur District Court,Property,2021-01-01,2021,2023-08-03 11:07:37.617063176,31.03,1,5,3,31.03
NG-00451,Noida District Court,Civil Dispute,2023-03-01,2023,2026-02-07 07:41:43.964889636,35.29,1,6,4,35.29
NG-00452,Delhi District Court,Family,2018-05-01,2018,2020-02-02 15:44:01.425770687,21.11,1,4,1,21.11
NG-00453,Jaipur District Court,Family,2022-12-01,2022,2024-06-25 01:49:17.158415229,18.79,1,6,1,18.79
NG-00454,Jaipur District Court,Property,2023-02-01,2023,2023-12-31 02:47:18.399422927,10.94,1,4,1,10.94
NG-00455,Jaipur District Court,Civil Dispute,2024-07-01,2024,,23.98,0,12,4,23.98
NG-00456,Jaipur District Court,Family,2020-01-01,2020,2022-12-25 12:59:52.417863899,35.79,1,5,3,35.79
NG-00457,Noida District Court,Cheque Bounce,2018-11-01,2018,2020-09-16 15:08:03.888357397,22.52,1,7,4,22.52
NG-00458,Jaipur District Court,Civil Dispute,2019-04-01,2019,2021-09-28 21:40:38.750258115,29.96,1,9,4,29.96
NG-00459,Delhi District Court,Civil Dispute,2021-07-01,2021,2023-11-03 02:35:36.707984232,28.09,1,8,0,28.09
NG-00460,Noida District Court,Family,2022-05-01,2022,2024-10-06 11:34:08.781263313,29.22,1,8,3,29.22
NG-00461,Noida District Court,Motor Accident,2020-03-01,2020,2022-06-01 12:25:13.644203681,27.02,1,6,3,27.02
NG-00462,Delhi District Court,Cheque Bounce,2018-04-01,2018,2020-11-29 15:53:22.056258246,31.99,1,7,6,31.99
NG-00463,Delhi District Court,Motor Accident,2018-06-01,2018,2020-06-29 00:49:52.889356773,24.94,1,5,2,24.94
NG-00464,Noida District Court,Cheque Bounce,2019-01-01,2019,2020-07-30 12:36:46.304672561,18.94,1,10,2,18.94
NG-00465,Lucknow District Court,Cheque Bounce,2022-10-01,2022,2025-11-02 14:15:09.575994303,37.08,1,8,1,37.08
NG-00466,Lucknow District Court,Family,2021-03-01,2021,2022-09-20 05:26:52.730707968,18.67,1,8,1,18.67
NG-00467,Noida District Court,Motor Accident,2025-09-01,2025,,9.95,0,5,2,9.95
NG-00468,Lucknow District Court,Property,2023-12-01,2023,2025-05-04 15:51:34.318083968,17.1,1,7,2,17.1
NG-00469,Lucknow District Court,Property,2024-05-01,2024,,25.99,0,9,5,25.99
NG-00470,Delhi District Court,Cheque Bounce,2019-12-01,2019,2021-09-21 06:05:46.582225388,21.69,1,8,2,21.69
NG-00471,Jaipur District Court,Motor Accident,2023-09-01,2023,,33.97,0,10,0,33.97
NG-00472,Lucknow District Court,Civil Dispute,2025-03-01,2025,,16.0,0,6,1,16.0
NG-00473,Jaipur District Court,Property,2025-05-01,2025,,13.99,0,8,0,13.99
NG-00474,Lucknow District Court,Motor Accident,2022-09-01,2022,2024-11-03 21:42:39.285882069,26.11,1,9,1,26.11
NG-00475,Lucknow District Court,Property,2018-02-01,2018,2021-07-08 20:36:44.885789907,41.19,1,5,2,41.19
NG-00476,Lucknow District Court,Cheque Bounce,2023-11-01,2023,,31.96,0,8,6,31.96
NG-00477,Delhi District Court,Motor Accident,2025-01-01,2025,,17.94,0,11,5,17.94
NG-00478,Jaipur District Court,Cheque Bounce,2025-06-01,2025,,12.98,0,6,2,12.98
NG-00479,Lucknow District Court,Property,2025-06-01,2025,,12.98,0,6,3,12.98
NG-00480,Noida District Court,Cheque Bounce,2021-03-01,2021,2024-07-28 11:44:03.858156689,40.92,1,10,5,40.92
NG-00481,Noida District Court,Property,2021-04-01,2021,2023-05-19 05:21:41.167299646,25.57,1,11,1,25.57
NG-00482,Noida District Court,Cheque Bounce,2021-03-01,2021,2024-02-27 04:53:39.858070721,35.91,1,6,3,35.91
NG-00483,Jaipur District Court,Family,2020-01-01,2020,2023-12-09 18:27:19.288807525,47.27,1,5,3,47.27
NG-00484,Noida District Court,Civil Dispute,2024-11-01,2024,,19.94,0,5,2,19.94
NG-00485,Jaipur District Court,Civil Dispute,2023-04-01,2023,,38.99,0,12,4,38.99
NG-00486,Delhi District Court,Property,2024-05-01,2024,2025-10-03 18:24:17.692348322,17.11,1,4,4,17.11
NG-00487,Jaipur District Court,Family,2025-11-01,2025,,7.95,0,7,5,7.95
NG-00488,Noida District Court,Cheque Bounce,2024-05-01,2024,,25.99,0,8,2,25.99
NG-00489,Noida District Court,Cheque Bounce,2025-10-01,2025,,8.97,0,11,2,8.97
NG-00490,Delhi District Court,Family,2022-03-01,2022,2024-01-25 00:54:35.013823102,22.83,1,9,2,22.83
NG-00491,Delhi District Court,Property,2020-12-01,2020,2024-05-01 06:23:12.333209815,40.97,1,8,4,40.97
NG-00492,Noida District Court,Family,2023-06-01,2023,2024-11-18 08:45:43.793420417,17.62,1,4,0,17.62
NG-00493,Noida District Court,Cheque Bounce,2022-01-01,2022,2023-12-12 03:36:04.686278250,23.33,1,7,2,23.33
NG-00494,Jaipur District Court,Property,2021-11-01,2021,,55.95,0,5,3,55.95
NG-00495,Jaipur District Court,Cheque Bounce,2025-05-01,2025,,13.99,0,10,5,13.99
NG-00496,Jaipur District Court,Cheque Bounce,2023-06-01,2023,2025-11-26 14:00:50.387916556,29.88,1,3,0,29.88
NG-00497,Delhi District Court,Cheque Bounce,2020-10-01,2020,2022-03-12 07:41:37.039676415,17.32,1,7,4,17.32
NG-00498,Delhi District Court,Cheque Bounce,2022-11-01,2022,,43.96,0,5,3,43.96
NG-00499,Jaipur District Court,Cheque Bounce,2024-05-01,2024,,25.99,0,3,7,25.99
NG-00500,Delhi District Court,Family,2024-03-01,2024,2025-06-01 21:08:08.995001092,15.04,1,9,1,15.04
NG-00501,Lucknow District Court,Motor Accident,2022-12-01,2022,,42.97,0,10,0,42.97
NG-00502,Noida District Court,Family,2020-04-01,2020,2022-07-24 14:52:24.458910219,27.75,1,7,5,27.75
NG-00503,Jaipur District Court,Civil Dispute,2024-01-01,2024,,29.96,0,7,5,29.96
NG-00504,Noida District Court,Motor Accident,2018-08-01,2018,2021-08-24 13:17:02.371010769,36.78,1,10,1,36.78
NG-00505,Delhi District Court,Cheque Bounce,2022-05-01,2022,2025-08-24 04:40:36.654694754,39.79,1,6,1,39.79
NG-00506,Noida District Court,Family,2025-12-01,2025,,6.96,0,4,2,6.96
NG-00507,Lucknow District Court,Civil Dispute,2022-03-01,2022,2024-04-02 13:02:12.044049472,25.08,1,5,3,25.08
NG-00508,Lucknow District Court,Motor Accident,2019-09-01,2019,2021-11-16 01:38:04.713900506,26.51,1,9,4,26.51
NG-00509,Lucknow District Court,Family,2025-03-01,2025,,16.0,0,5,1,16.0
NG-00510,Lucknow District Court,Property,2023-08-01,2023,2025-11-18 23:48:20.402170966,27.63,1,6,5,27.63
NG-00511,Jaipur District Court,Cheque Bounce,2022-04-01,2022,2025-02-21 01:49:06.231311584,34.73,1,10,4,34.73
NG-00512,Delhi District Court,Property,2019-01-01,2019,2021-09-02 13:01:30.592036418,32.05,1,11,2,32.05
NG-00513,Delhi District Court,Cheque Bounce,2025-09-01,2025,,9.95,0,10,0,9.95
NG-00514,Jaipur District Court,Civil Dispute,2024-10-01,2024,,20.96,0,7,3,20.96
NG-00515,Lucknow District Court,Cheque Bounce,2025-12-01,2025,,6.96,0,8,1,6.96
NG-00516,Lucknow District Court,Civil Dispute,2019-02-01,2019,2023-08-29 21:25:15.293074630,54.89,1,9,6,54.89
NG-00517,Noida District Court,Motor Accident,2019-09-01,2019,2022-05-15 06:14:19.338404337,32.43,1,9,1,32.43
NG-00518,Jaipur District Court,Civil Dispute,2023-03-01,2023,,40.01,0,5,2,40.01
NG-00519,Delhi District Court,Cheque Bounce,2021-07-01,2021,2023-07-27 23:36:55.188099694,24.87,1,8,1,24.87
NG-00520,Noida District Court,Motor Accident,2023-04-01,2023,,38.99,0,3,4,38.99
NG-00521,Noida District Court,Property,2019-12-01,2019,2022-11-14 19:11:04.036097656,35.47,1,7,4,35.47
NG-00522,Delhi District Court,Cheque Bounce,2018-01-01,2018,2019-09-14 21:31:52.804803970,20.43,1,9,2,20.43
NG-00523,Lucknow District Court,Cheque Bounce,2025-04-01,2025,,14.98,0,5,5,14.98
NG-00524,Lucknow District Court,Cheque Bounce,2024-04-01,2024,,26.97,0,9,0,26.97
NG-00525,Jaipur District Court,Motor Accident,2024-11-01,2024,2026-06-06 15:59:54.596493623,19.14,1,11,2,19.14
NG-00526,Lucknow District Court,Motor Accident,2019-05-01,2019,2022-05-24 19:47:06.069110634,36.79,1,8,2,36.79
NG-00527,Noida District Court,Family,2023-08-01,2023,2025-02-08 02:08:30.123398258,18.3,1,9,2,18.3
NG-00528,Lucknow District Court,Cheque Bounce,2025-02-01,2025,,16.92,0,12,3,16.92
NG-00529,Lucknow District Court,Cheque Bounce,2021-02-01,2021,2023-05-15 04:57:49.491689221,27.37,1,5,2,27.37
NG-00530,Noida District Court,Motor Accident,2024-01-01,2024,2025-10-02 21:25:29.774160670,21.05,1,11,0,21.05
NG-00531,Lucknow District Court,Family,2022-05-01,2022,2023-04-25 12:29:38.568043400,11.81,1,11,1,11.81
NG-00532,Noida District Court,Motor Accident,2021-05-01,2021,2025-04-18 07:00:43.571958733,47.58,1,7,3,47.58
NG-00533,Delhi District Court,Cheque Bounce,2019-04-01,2019,2020-11-18 03:52:52.632515576,19.62,1,12,4,19.62
NG-00534,Noida District Court,Cheque Bounce,2022-05-01,2022,2026-02-13 03:53:16.400237913,45.47,1,11,2,45.47
NG-00535,Noida District Court,Cheque Bounce,2022-07-01,2022,2024-07-01 03:51:13.789712352,24.02,1,6,2,24.02
NG-00536,Lucknow District Court,Property,2023-06-01,2023,,36.99,0,7,2,36.99
NG-00537,Jaipur District Court,Cheque Bounce,2023-08-01,2023,2026-03-25 08:34:52.164240041,31.78,1,9,0,31.78
NG-00538,Delhi District Court,Civil Dispute,2024-11-01,2024,,19.94,0,3,1,19.94
NG-00539,Delhi District Court,Cheque Bounce,2022-02-01,2022,2023-12-13 06:24:07.639533112,22.35,1,6,5,22.35
NG-00540,Noida District Court,Cheque Bounce,2023-06-01,2023,,36.99,0,7,4,36.99
NG-00541,Noida District Court,Cheque Bounce,2019-06-01,2019,2023-06-04 03:27:40.407622493,48.1,1,9,2,48.1
NG-00542,Jaipur District Court,Civil Dispute,2019-01-01,2019,2020-11-16 08:44:06.212324679,22.52,1,4,1,22.52
NG-00543,Noida District Court,Civil Dispute,2019-05-01,2019,2021-05-04 15:47:57.159451345,24.13,1,3,2,24.13
NG-00544,Noida District Court,Cheque Bounce,2023-01-01,2023,2025-12-01 11:08:12.344938350,35.0,1,3,7,35.0
NG-00545,Delhi District Court,Property,2019-08-01,2019,2024-10-08 10:51:48.190211916,62.27,1,7,2,62.27
NG-00546,Noida District Court,Family,2024-11-01,2024,,19.94,0,8,1,19.94
NG-00547,Delhi District Court,Cheque Bounce,2018-02-01,2018,2019-12-24 12:57:27.685852493,22.72,1,6,4,22.72
NG-00548,Jaipur District Court,Motor Accident,2018-03-01,2018,2020-07-08 20:39:41.138992224,28.28,1,8,6,28.28
NG-00549,Noida District Court,Civil Dispute,2019-02-01,2019,2022-01-23 01:47:25.021496137,35.71,1,5,9,35.71
NG-00550,Delhi District Court,Motor Accident,2018-05-01,2018,2020-08-30 08:40:54.496036698,28.0,1,10,1,28.0
NG-00551,Jaipur District Court,Family,2023-12-01,2023,2026-04-22 05:34:42.956719230,28.69,1,6,5,28.69
NG-00552,Delhi District Court,Property,2022-03-01,2022,2025-07-13 01:39:42.143415480,40.41,1,8,1,40.41
NG-00553,Noida District Court,Property,2023-02-01,2023,2024-06-11 10:48:19.240398910,16.31,1,2,3,16.31
NG-00554,Lucknow District Court,Motor Accident,2024-08-01,2024,,22.96,0,3,2,22.96
NG-00555,Jaipur District Court,Cheque Bounce,2024-03-01,2024,,27.99,0,4,3,27.99
NG-00556,Noida District Court,Civil Dispute,2018-10-01,2018,2020-11-17 13:07:12.599795291,25.58,1,7,3,25.58
NG-00557,Noida District Court,Civil Dispute,2018-09-01,2018,2020-04-18 03:34:28.733097391,19.55,1,9,2,19.55
NG-00558,Noida District Court,Cheque Bounce,2019-02-01,2019,2021-04-17 11:54:57.149119941,26.49,1,6,1,26.49
NG-00559,Delhi District Court,Civil Dispute,2025-09-01,2025,,9.95,0,3,2,9.95
NG-00560,Noida District Court,Cheque Bounce,2025-07-01,2025,,11.99,0,7,0,11.99
NG-00561,Jaipur District Court,Property,2023-10-01,2023,2024-09-13 12:06:22.771382172,11.45,1,8,2,11.45
NG-00562,Jaipur District Court,Motor Accident,2018-11-01,2018,2022-08-16 09:42:22.437521141,45.48,1,6,0,45.48
NG-00563,Lucknow District Court,Family,2022-08-01,2022,2024-04-07 11:23:06.890793426,20.22,1,15,2,20.22
NG-00564,Delhi District Court,Motor Accident,2021-05-01,2021,2025-10-06 20:28:43.446925680,53.21,1,7,1,53.21
NG-00565,Delhi District Court,Cheque Bounce,2018-02-01,2018,2020-02-16 04:27:25.036997506,24.48,1,10,5,24.48
NG-00566,Noida District Court,Property,2023-09-01,2023,2025-08-27 21:48:48.167574269,23.88,1,7,1,23.88
NG-00567,Jaipur District Court,Cheque Bounce,2020-11-01,2020,2023-07-18 19:50:21.250865221,32.52,1,2,4,32.52
NG-00568,Delhi District Court,Cheque Bounce,2024-08-01,2024,2026-05-29 16:50:44.055740325,21.9,1,10,4,21.9
NG-00569,Delhi District Court,Motor Accident,2021-02-01,2021,2023-02-02 03:52:26.934646624,24.02,1,13,3,24.02
NG-00570,Delhi District Court,Property,2024-04-01,2024,,26.97,0,5,2,26.97
NG-00571,Delhi District Court,Civil Dispute,2020-09-01,2020,2022-04-15 18:45:22.131132240,19.44,1,7,4,19.44
NG-00572,Jaipur District Court,Cheque Bounce,2023-04-01,2023,2026-05-20 23:49:36.447058554,37.65,1,3,5,37.65
NG-00573,Jaipur District Court,Motor Accident,2021-03-01,2021,2022-04-22 20:05:35.795843304,13.73,1,10,2,13.73
NG-00574,Lucknow District Court,Motor Accident,2023-06-01,2023,2024-12-19 02:30:12.252975644,18.63,1,5,3,18.63
NG-00575,Lucknow District Court,Motor Accident,2023-12-01,2023,2026-03-25 05:26:46.878126141,27.77,1,6,5,27.77
NG-00576,Lucknow District Court,Motor Accident,2024-02-01,2024,,28.94,0,7,2,28.94
NG-00577,Noida District Court,Motor Accident,2022-03-01,2022,2025-03-27 12:14:56.698483824,36.88,1,10,3,36.88
NG-00578,Delhi District Court,Motor Accident,2020-11-01,2020,2024-04-14 01:16:34.635220680,41.39,1,5,1,41.39
NG-00579,Jaipur District Court,Motor Accident,2025-06-01,2025,,12.98,0,6,3,12.98
NG-00580,Noida District Court,Cheque Bounce,2023-12-01,2023,,30.98,0,6,4,30.98
NG-00581,Delhi District Court,Property,2020-10-01,2020,2023-01-15 14:44:54.755200032,27.48,1,7,4,27.48
NG-00582,Delhi District Court,Property,2021-01-01,2021,2024-09-22 15:54:43.445522966,44.7,1,8,0,44.7
NG-00583,Jaipur District Court,Property,2023-01-01,2023,2025-08-13 20:37:03.437455373,31.4,1,7,4,31.4
NG-00584,Noida District Court,Property,2022-07-01,2022,2026-01-23 16:40:55.211902150,42.8,1,11,2,42.8
NG-00585,Noida District Court,Property,2021-06-01,2021,2022-09-24 00:28:52.115804477,15.77,1,5,3,15.77
NG-00586,Lucknow District Court,Property,2024-11-01,2024,,19.94,0,11,2,19.94
NG-00587,Noida District Court,Property,2023-06-01,2023,2025-03-07 06:00:15.417009460,21.2,1,3,2,21.2
NG-00588,Lucknow District Court,Motor Accident,2020-06-01,2020,2022-10-31 00:16:14.618173886,28.98,1,8,4,28.98
NG-00589,Jaipur District Court,Cheque Bounce,2022-05-01,2022,2024-09-25 06:36:39.903326818,28.85,1,7,3,28.85
NG-00590,Noida District Court,Motor Accident,2019-03-01,2019,2020-08-16 05:33:11.372538024,17.55,1,6,1,17.55
NG-00591,Lucknow District Court,Civil Dispute,2024-12-01,2024,,18.96,0,14,1,18.96
NG-00592,Jaipur District Court,Cheque Bounce,2021-09-01,2021,2025-08-20 12:53:40.306595789,47.62,1,8,2,47.62
NG-00593,Jaipur District Court,Motor Accident,2025-05-01,2025,2026-05-11 14:22:38.007290343,12.34,1,4,1,12.34
NG-00594,Noida District Court,Cheque Bounce,2022-10-01,2022,2025-04-09 13:28:34.472249299,30.27,1,10,5,30.27
NG-00595,Noida District Court,Cheque Bounce,2022-12-01,2022,2024-11-08 03:04:47.054230777,23.26,1,4,3,23.26
NG-00596,Lucknow District Court,Cheque Bounce,2021-08-01,2021,2023-10-11 05:06:57.713779307,26.32,1,6,3,26.32
NG-00597,Delhi District Court,Cheque Bounce,2023-08-01,2023,2025-08-10 04:34:41.876418875,24.32,1,8,2,24.32
NG-00598,Delhi District Court,Property,2019-06-01,2019,,84.99,0,7,3,84.99
NG-00599,Jaipur District Court,Family,2025-11-01,2025,,7.95,0,3,0,7.95
NG-00600,Jaipur District Court,Cheque Bounce,2023-09-01,2023,,33.97,0,12,0,33.97
NG-00601,Lucknow District Court,Cheque Bounce,2023-11-01,2023,2025-06-23 20:50:36.003778382,19.74,1,6,3,19.74
NG-00602,Lucknow District Court,Civil Dispute,2021-01-01,2021,2026-06-15 23:05:35.664468907,65.44,1,12,4,65.44
NG-00603,Noida District Court,Civil Dispute,2021-07-01,2021,2023-09-04 12:52:15.835897128,26.13,1,4,2,26.13
NG-00604,Jaipur District Court,Cheque Bounce,2021-09-01,2021,2023-08-16 11:11:19.690016170,23.47,1,5,1,23.47
NG-00605,Noida District Court,Family,2019-08-01,2019,2022-03-18 02:30:56.802017701,31.54,1,6,2,31.54
NG-00606,Lucknow District Court,Family,2024-12-01,2024,2026-05-31 08:57:49.304471569,17.95,1,8,2,17.95
NG-00607,Jaipur District Court,Cheque Bounce,2018-05-01,2018,2019-08-31 05:18:12.176206948,16.01,1,13,0,16.01
NG-00608,Jaipur District Court,Family,2018-07-01,2018,2020-07-09 21:33:20.483057324,24.31,1,3,3,24.31
NG-00609,Noida District Court,Cheque Bounce,2023-11-01,2023,2026-06-28 03:55:50.180842539,31.87,1,9,2,31.87
NG-00610,Noida District Court,Cheque Bounce,2022-05-01,2022,2025-05-31 20:56:45.613986518,37.02,1,4,0,37.02
NG-00611,Lucknow District Court,Civil Dispute,2018-12-01,2018,2022-04-01 23:30:09.383193414,40.01,1,7,0,40.01
NG-00612,Delhi District Court,Civil Dispute,2021-05-01,2021,2023-03-19 09:39:38.268887915,22.58,1,4,0,22.58
NG-00613,Jaipur District Court,Motor Accident,2024-09-01,2024,,21.94,0,6,4,21.94
NG-00614,Jaipur District Court,Civil Dispute,2018-11-01,2018,2021-04-13 00:35:07.629486469,29.37,1,8,1,29.37
NG-00615,Jaipur District Court,Cheque Bounce,2020-06-01,2020,2022-01-18 01:01:33.393993110,19.58,1,6,0,19.58
NG-00616,Delhi District Court,Civil Dispute,2022-01-01,2022,2026-02-24 08:51:01.937585422,49.78,1,6,1,49.78
NG-00617,Jaipur District Court,Civil Dispute,2019-12-01,2019,2022-05-29 21:39:55.056954905,29.92,1,7,3,29.92
NG-00618,Delhi District Court,Motor Accident,2022-08-01,2022,2025-03-22 11:38:18.863150095,31.68,1,11,2,31.68
NG-00619,Lucknow District Court,Civil Dispute,2020-05-01,2020,2022-07-26 13:44:10.434718129,26.83,1,6,2,26.83
NG-00620,Jaipur District Court,Property,2024-01-01,2024,,29.96,0,8,4,29.96
NG-00621,Jaipur District Court,Property,2019-03-01,2019,2020-08-11 16:05:38.552295480,17.4,1,5,2,17.4
NG-00622,Jaipur District Court,Civil Dispute,2022-02-01,2022,2023-12-01 09:04:12.086690401,21.96,1,2,2,21.96
NG-00623,Jaipur District Court,Motor Accident,2018-07-01,2018,2022-08-11 20:20:56.672685510,49.37,1,5,1,49.37
NG-00624,Noida District Court,Property,2024-12-01,2024,,18.96,0,7,2,18.96
NG-00625,Noida District Court,Family,2021-03-01,2021,2022-01-11 08:59:51.664309897,10.39,1,3,2,10.39
NG-00626,Jaipur District Court,Property,2018-01-01,2018,2020-11-11 10:38:57.290937452,34.34,1,7,3,34.34
NG-00627,Delhi District Court,Motor Accident,2019-03-01,2019,2020-09-12 02:04:00.969024858,18.43,1,10,3,18.43
NG-00628,Jaipur District Court,Civil Dispute,2025-12-01,2025,,6.96,0,1,0,6.96
NG-00629,Lucknow District Court,Cheque Bounce,2024-08-01,2024,,22.96,0,11,1,22.96
NG-00630,Delhi District Court,Family,2022-03-01,2022,2023-10-08 14:04:22.609511086,19.27,1,7,5,19.27
NG-00631,Lucknow District Court,Cheque Bounce,2018-07-01,2018,2022-10-09 06:28:57.250425685,51.29,1,5,6,51.29
NG-00632,Jaipur District Court,Civil Dispute,2020-05-01,2020,2025-04-23 02:33:37.304148248,59.73,1,3,4,59.73
NG-00633,Noida District Court,Cheque Bounce,2018-05-01,2018,2019-12-30 01:06:30.897915658,19.98,1,3,2,19.98
NG-00634,Delhi District Court,Property,2020-03-01,2020,2022-07-02 19:28:24.739729429,28.05,1,4,2,28.05
NG-00635,Lucknow District Court,Cheque Bounce,2018-05-01,2018,2023-02-26 10:51:14.825859984,57.9,1,6,4,57.9
NG-00636,Noida District Court,Property,2018-02-01,2018,2019-10-01 16:23:54.548328105,19.96,1,9,1,19.96
NG-00637,Jaipur District Court,Motor Accident,2023-04-01,2023,2026-05-25 14:31:41.238163056,37.8,1,2,1,37.8
NG-00638,Jaipur District Court,Cheque Bounce,2018-12-01,2018,2021-01-31 15:23:15.019483197,26.04,1,3,2,26.04
NG-00639,Lucknow District Court,Family,2023-03-01,2023,2024-06-17 01:07:29.941220714,15.57,1,7,1,15.57
NG-00640,Noida District Court,Property,2018-09-01,2018,2021-12-31 15:11:44.733661733,40.0,1,0,0,40.0
NG-00641,Noida District Court,Family,2023-10-01,2023,2025-12-20 02:11:22.352677710,26.65,1,5,3,26.65
NG-00642,Jaipur District Court,Motor Accident,2018-03-01,2018,2018-12-12 09:31:44.335274989,9.41,1,3,1,9.41
NG-00643,Lucknow District Court,Civil Dispute,2018-10-01,2018,2022-06-29 17:48:20.520730644,44.93,1,13,1,44.93
NG-00644,Delhi District Court,Civil Dispute,2022-10-01,2022,,44.97,0,6,2,44.97
NG-00645,Delhi District Court,Civil Dispute,2024-09-01,2024,,21.94,0,6,3,21.94
NG-00646,Lucknow District Court,Civil Dispute,2020-07-01,2020,2021-08-21 14:03:03.242972007,13.69,1,10,0,13.69
NG-00647,Jaipur District Court,Family,2025-01-01,2025,2025-11-02 09:49:15.406744494,10.03,1,8,0,10.03
NG-00648,Lucknow District Court,Civil Dispute,2019-11-01,2019,2021-08-05 19:38:06.442738569,21.15,1,4,7,21.15
NG-00649,Lucknow District Court,Property,2024-01-01,2024,2025-10-04 22:18:50.345025658,21.12,1,11,3,21.12
NG-00650,Jaipur District Court,Family,2020-06-01,2020,2022-06-11 19:40:31.735948828,24.34,1,4,3,24.34
NG-00651,Jaipur District Court,Family,2018-06-01,2018,2021-05-19 12:39:42.421916856,35.6,1,6,3,35.6
NG-00652,Jaipur District Court,Civil Dispute,2019-01-01,2019,2021-08-18 16:01:01.777267300,31.56,1,8,4,31.56
NG-00653,Jaipur District Court,Civil Dispute,2022-08-01,2022,2024-05-28 12:12:40.452464738,21.9,1,2,2,21.9
NG-00654,Lucknow District Court,Property,2021-06-01,2021,2025-01-18 19:53:21.946549741,43.62,1,4,3,43.62
NG-00655,Jaipur District Court,Civil Dispute,2025-01-01,2025,,17.94,0,6,0,17.94
NG-00656,Noida District Court,Motor Accident,2020-10-01,2020,2025-07-02 08:01:14.951663607,57.01,1,8,0,57.01
NG-00657,Jaipur District Court,Civil Dispute,2024-12-01,2024,,18.96,0,7,2,18.96
NG-00658,Delhi District Court,Cheque Bounce,2021-10-01,2021,2024-02-13 00:50:09.568637246,28.42,1,6,3,28.42
NG-00659,Noida District Court,Family,2020-10-01,2020,2022-05-16 17:46:13.575165263,19.47,1,6,1,19.47
NG-00660,Jaipur District Court,Property,2021-10-01,2021,2026-06-25 23:28:19.002344534,56.8,1,4,5,56.8
NG-00661,Noida District Court,Motor Accident,2021-11-01,2021,2025-01-26 18:05:16.176195087,38.86,1,4,2,38.86
NG-00662,Jaipur District Court,Property,2021-12-01,2021,2024-10-15 21:21:52.734767019,34.49,1,9,3,34.49
NG-00663,Delhi District Court,Cheque Bounce,2021-12-01,2021,2024-10-02 10:27:36.225241704,34.05,1,8,4,34.05
NG-00664,Lucknow District Court,Family,2021-10-01,2021,2023-08-26 18:59:47.111188220,22.82,1,6,4,22.82
NG-00665,Delhi District Court,Property,2024-12-01,2024,,18.96,0,10,1,18.96
NG-00666,Noida District Court,Family,2022-03-01,2022,2023-09-25 03:14:45.504629744,18.83,1,8,4,18.83
NG-00667,Jaipur District Court,Motor Accident,2018-08-01,2018,2020-06-17 08:29:09.613019207,22.55,1,8,6,22.55
NG-00668,Jaipur District Court,Cheque Bounce,2018-03-01,2018,2020-03-26 14:18:23.329838373,24.86,1,8,1,24.86
NG-00669,Lucknow District Court,Civil Dispute,2022-11-01,2022,2025-03-02 06:47:29.605383775,28.0,1,4,5,28.0
NG-00670,Delhi District Court,Motor Accident,2022-10-01,2022,,44.97,0,10,2,44.97
NG-00671,Delhi District Court,Family,2024-10-01,2024,,20.96,0,9,2,20.96
NG-00672,Noida District Court,Family,2018-01-01,2018,2019-12-21 16:00:51.612022370,23.64,1,4,7,23.64
NG-00673,Jaipur District Court,Civil Dispute,2020-05-01,2020,2022-07-11 07:21:58.193399928,26.32,1,8,3,26.32
NG-00674,Noida District Court,Family,2022-03-01,2022,2024-11-28 08:53:17.230933371,32.96,1,11,3,32.96
NG-00675,Delhi District Court,Property,2021-09-01,2021,2024-01-09 03:57:30.897688063,28.26,1,10,2,28.26
NG-00676,Delhi District Court,Family,2025-07-01,2025,,11.99,0,7,2,11.99
NG-00677,Delhi District Court,Civil Dispute,2020-07-01,2020,2022-03-30 01:05:50.736724584,20.93,1,6,3,20.93
NG-00678,Delhi District Court,Cheque Bounce,2022-06-01,2022,,48.98,0,7,2,48.98
NG-00679,Delhi District Court,Cheque Bounce,2023-12-01,2023,,30.98,0,7,3,30.98
NG-00680,Jaipur District Court,Motor Accident,2019-04-01,2019,2022-03-08 10:38:10.616535565,35.23,1,9,0,35.23
NG-00681,Lucknow District Court,Civil Dispute,2025-11-01,2025,,7.95,0,8,5,7.95
NG-00682,Delhi District Court,Cheque Bounce,2023-04-01,2023,2025-02-10 01:35:56.769066412,22.37,1,7,1,22.37
NG-00683,Noida District Court,Cheque Bounce,2021-03-01,2021,2023-01-19 00:16:37.323288456,22.64,1,10,2,22.64
NG-00684,Delhi District Court,Family,2021-05-01,2021,2023-03-19 21:10:24.414318471,22.6,1,9,1,22.6
NG-00685,Lucknow District Court,Motor Accident,2021-02-01,2021,2022-10-14 21:32:42.180951120,20.4,1,16,3,20.4
NG-00686,Jaipur District Court,Property,2023-02-01,2023,,40.93,0,11,3,40.93
NG-00687,Noida District Court,Cheque Bounce,2023-04-01,2023,2025-09-28 15:23:01.303315209,29.95,1,13,0,29.95
NG-00688,Delhi District Court,Family,2020-02-01,2020,2023-10-18 11:04:42.098076854,44.53,1,12,5,44.53
NG-00689,Lucknow District Court,Property,2024-02-01,2024,,28.94,0,13,4,28.94
NG-00690,Lucknow District Court,Civil Dispute,2019-11-01,2019,2022-04-08 06:56:24.508668088,29.21,1,6,2,29.21
NG-00691,Delhi District Court,Motor Accident,2020-11-01,2020,2024-03-08 06:49:26.012771466,40.19,1,8,3,40.19
NG-00692,Noida District Court,Family,2018-04-01,2018,2019-10-03 19:21:28.036103019,18.09,1,9,1,18.09
NG-00693,Lucknow District Court,Motor Accident,2021-07-01,2021,2024-01-25 19:55:55.815632071,30.84,1,9,1,30.84
NG-00694,Delhi District Court,Cheque Bounce,2025-05-01,2025,,13.99,0,8,1,13.99
NG-00695,Noida District Court,Cheque Bounce,2020-03-01,2020,2022-01-28 12:32:14.311193484,22.95,1,9,2,22.95
NG-00696,Lucknow District Court,Family,2023-02-01,2023,2026-04-05 23:59:03.154565186,38.11,1,4,3,38.11
NG-00697,Noida District Court,Motor Accident,2020-07-01,2020,2022-05-23 15:10:45.126488375,22.72,1,5,5,22.72
NG-00698,Lucknow District Court,Property,2019-03-01,2019,2024-07-26 10:39:32.006252977,64.86,1,3,3,64.86
NG-00699,Jaipur District Court,Family,2018-04-01,2018,2023-01-10 08:57:00.739873391,57.34,1,4,1,57.34
NG-00700,Jaipur District Court,Cheque Bounce,2020-02-01,2020,2021-09-01 04:08:16.379938625,18.99,1,7,0,18.99
NG-00701,Noida District Court,Civil Dispute,2025-06-01,2025,,12.98,0,5,1,12.98
NG-00702,Jaipur District Court,Family,2019-01-01,2019,2021-01-02 12:23:31.794863616,24.06,1,8,1,24.06
NG-00703,Lucknow District Court,Civil Dispute,2024-12-01,2024,,18.96,0,7,0,18.96
NG-00704,Delhi District Court,Property,2018-04-01,2018,2020-02-25 04:20:07.307875749,22.84,1,5,2,22.84
NG-00705,Lucknow District Court,Motor Accident,2020-01-01,2020,2023-09-26 11:45:31.784249384,44.83,1,3,2,44.83
NG-00706,Delhi District Court,Cheque Bounce,2023-11-01,2023,2026-02-23 09:38:21.919294060,27.77,1,8,6,27.77
NG-00707,Lucknow District Court,Family,2024-04-01,2024,,26.97,0,3,3,26.97
NG-00708,Jaipur District Court,Civil Dispute,2018-01-01,2018,2019-07-27 22:24:34.703308169,18.82,1,7,1,18.82
NG-00709,Lucknow District Court,Motor Accident,2022-08-01,2022,2026-04-10 19:16:11.931918176,44.31,1,3,2,44.31
NG-00710,Noida District Court,Civil Dispute,2020-03-01,2020,2022-06-09 21:32:44.795213306,27.3,1,6,1,27.3
NG-00711,Jaipur District Court,Property,2019-06-01,2019,2023-10-12 02:34:35.018437670,52.37,1,8,3,52.37
NG-00712,Lucknow District Court,Motor Accident,2024-01-01,2024,2026-06-22 00:12:39.861702941,29.67,1,6,2,29.67
NG-00713,Jaipur District Court,Cheque Bounce,2023-06-01,2023,2025-06-30 00:45:57.556643117,24.97,1,12,2,24.97
NG-00714,Noida District Court,Property,2018-03-01,2018,,100.0,0,10,1,100.0
NG-00715,Noida District Court,Motor Accident,2023-12-01,2023,2025-08-19 18:46:37.845817147,20.62,1,3,4,20.62
NG-00716,Delhi District Court,Motor Accident,2020-04-01,2020,2022-01-02 21:54:21.308487393,21.09,1,4,3,21.09
NG-00717,Lucknow District Court,Cheque Bounce,2020-08-01,2020,2022-02-27 19:59:42.728718940,18.92,1,2,1,18.92
NG-00718,Jaipur District Court,Property,2022-04-01,2022,2026-05-02 12:58:36.080014880,49.03,1,8,0,49.03
NG-00719,Lucknow District Court,Motor Accident,2019-09-01,2019,2022-08-23 08:50:24.079817181,35.72,1,9,1,35.72
NG-00720,Lucknow District Court,Cheque Bounce,2021-09-01,2021,2023-04-12 07:38:42.807912673,19.33,1,5,4,19.33
NG-00721,Lucknow District Court,Civil Dispute,2024-10-01,2024,2025-12-31 11:28:13.903435453,15.0,1,7,2,15.0
NG-00722,Noida District Court,Motor Accident,2018-10-01,2018,2019-06-21 15:12:33.987600247,8.66,1,5,0,8.66
NG-00723,Noida District Court,Property,2019-05-01,2019,2021-03-05 18:38:16.267158383,22.17,1,9,2,22.17
NG-00724,Delhi District Court,Cheque Bounce,2025-09-01,2025,,9.95,0,9,3,9.95
NG-00725,Delhi District Court,Civil Dispute,2025-03-01,2025,,16.0,0,6,4,16.0
NG-00726,Lucknow District Court,Cheque Bounce,2024-03-01,2024,,27.99,0,8,1,27.99
NG-00727,Lucknow District Court,Cheque Bounce,2025-10-01,2025,,8.97,0,3,0,8.97
NG-00728,Delhi District Court,Family,2018-11-01,2018,2020-10-09 19:13:08.886847405,23.29,1,4,4,23.29
NG-00729,Lucknow District Court,Civil Dispute,2025-05-01,2025,,13.99,0,11,3,13.99
NG-00730,Jaipur District Court,Civil Dispute,2021-11-01,2021,2025-06-13 17:29:48.339471433,43.39,1,8,4,43.39
NG-00731,Lucknow District Court,Motor Accident,2023-04-01,2023,,38.99,0,5,1,38.99
NG-00732,Noida District Court,Civil Dispute,2025-05-01,2025,,13.99,0,10,1,13.99
NG-00733,Lucknow District Court,Property,2023-05-01,2023,,38.01,0,7,0,38.01
NG-00734,Lucknow District Court,Property,2025-01-01,2025,,17.94,0,8,3,17.94
NG-00735,Lucknow District Court,Family,2023-02-01,2023,2026-01-30 03:09:46.635126814,35.94,1,13,3,35.94
NG-00736,Delhi District Court,Motor Accident,2018-02-01,2018,2022-02-23 00:26:21.752523522,48.72,1,10,2,48.72
NG-00737,Jaipur District Court,Cheque Bounce,2018-09-01,2018,2023-07-24 19:41:27.981592016,58.73,1,4,0,58.73
NG-00738,Noida District Court,Motor Accident,2024-01-01,2024,,29.96,0,5,2,29.96
NG-00739,Lucknow District Court,Cheque Bounce,2023-01-01,2023,2025-01-30 10:28:25.085272241,24.98,1,9,3,24.98
NG-00740,Jaipur District Court,Civil Dispute,2025-12-01,2025,,6.96,0,7,4,6.96
NG-00741,Lucknow District Court,Cheque Bounce,2019-01-01,2019,2021-10-31 10:36:20.927053627,33.98,1,8,5,33.98
NG-00742,Delhi District Court,Cheque Bounce,2020-01-01,2020,2021-10-01 11:02:03.519841554,21.01,1,5,2,21.01
NG-00743,Lucknow District Court,Motor Accident,2025-11-01,2025,,7.95,0,6,2,7.95
NG-00744,Lucknow District Court,Family,2019-01-01,2019,2022-06-11 02:09:02.780621832,41.3,1,9,1,41.3
NG-00745,Noida District Court,Family,2022-12-01,2022,2024-08-30 00:17:18.884812223,20.96,1,5,2,20.96
NG-00746,Delhi District Court,Property,2025-10-01,2025,,8.97,0,16,3,8.97
NG-00747,Noida District Court,Cheque Bounce,2022-06-01,2022,2024-09-11 09:26:18.069227171,27.38,1,10,2,27.38
NG-00748,Jaipur District Court,Motor Accident,2025-06-01,2025,,12.98,0,7,2,12.98
NG-00749,Noida District Court,Family,2018-11-01,2018,2021-03-12 08:27:50.135178646,28.33,1,7,0,28.33
NG-00750,Noida District Court,Motor Accident,2023-07-01,2023,2024-12-04 04:10:26.815027967,17.15,1,5,4,17.15
NG-00751,Delhi District Court,Family,2019-07-01,2019,2021-04-25 15:34:10.436994632,21.83,1,7,1,21.83
NG-00752,Delhi District Court,Civil Dispute,2023-12-01,2023,,30.98,0,4,4,30.98
NG-00753,Lucknow District Court,Property,2018-07-01,2018,2023-08-12 23:30:04.765935519,61.4,1,8,5,61.4
NG-00754,Jaipur District Court,Cheque Bounce,2023-02-01,2023,2026-05-18 10:17:37.377007595,39.5,1,7,3,39.5
NG-00755,Noida District Court,Cheque Bounce,2022-01-01,2022,2024-02-07 15:34:54.924446484,25.22,1,7,2,25.22
NG-00756,Jaipur District Court,Motor Accident,2022-06-01,2022,2025-05-23 05:46:58.409202213,35.72,1,10,0,35.72
NG-00757,Lucknow District Court,Civil Dispute,2019-04-01,2019,2021-10-23 01:52:44.559419666,30.75,1,6,3,30.75
NG-00758,Noida District Court,Cheque Bounce,2020-04-01,2020,2021-04-18 15:43:39.615254304,12.57,1,4,2,12.57
NG-00759,Jaipur District Court,Civil Dispute,2020-07-01,2020,2023-07-30 22:22:01.422778077,36.96,1,9,4,36.96
NG-00760,Jaipur District Court,Family,2021-05-01,2021,2023-03-22 22:12:36.523889254,22.7,1,5,3,22.7
NG-00761,Noida District Court,Family,2022-08-01,2022,,46.98,0,6,1,46.98
NG-00762,Delhi District Court,Motor Accident,2023-04-01,2023,2026-04-10 03:23:13.547901117,36.31,1,10,5,36.31
NG-00763,Delhi District Court,Cheque Bounce,2019-06-01,2019,2021-04-23 15:10:41.775038898,22.75,1,4,1,22.75
NG-00764,Jaipur District Court,Motor Accident,2020-10-01,2020,2022-11-16 22:28:29.889563689,25.52,1,9,3,25.52
NG-00765,Noida District Court,Family,2025-05-01,2025,,13.99,0,5,5,13.99
NG-00766,Jaipur District Court,Motor Accident,2020-09-01,2020,2023-04-26 04:24:12.270730294,31.77,1,12,1,31.77
NG-00767,Delhi District Court,Motor Accident,2018-10-01,2018,2023-04-07 21:24:59.224256665,54.2,1,3,2,54.2
NG-00768,Jaipur District Court,Property,2023-03-01,2023,2025-04-21 00:01:12.988078553,25.69,1,4,2,25.69
NG-00769,Noida District Court,Property,2022-10-01,2022,2024-11-22 14:27:36.735308478,25.74,1,11,4,25.74
NG-00770,Delhi District Court,Cheque Bounce,2022-06-01,2022,,48.98,0,10,4,48.98
NG-00771,Jaipur District Court,Civil Dispute,2021-01-01,2021,2025-02-13 05:12:45.688844148,49.42,1,5,3,49.42
NG-00772,Delhi District Court,Property,2019-02-01,2019,2024-05-05 10:57:57.828611050,63.09,1,9,2,63.09
NG-00773,Delhi District Court,Property,2021-05-01,2021,2023-12-27 11:22:06.454660624,31.88,1,7,5,31.88
NG-00774,Delhi District Court,Cheque Bounce,2023-02-01,2023,2023-10-20 08:36:20.803463640,8.59,1,2,0,8.59
NG-00775,Jaipur District Court,Family,2020-01-01,2020,2021-04-14 01:05:18.437878861,15.41,1,9,1,15.41
NG-00776,Noida District Court,Cheque Bounce,2022-05-01,2022,2026-01-05 14:40:03.768378594,44.21,1,9,9,44.21
NG-00777,Lucknow District Court,Civil Dispute,2020-12-01,2020,2022-09-12 12:11:03.384351124,21.37,1,2,4,21.37
NG-00778,Noida District Court,Motor Accident,2025-09-01,2025,,9.95,0,2,4,9.95
NG-00779,Lucknow District Court,Family,2019-06-01,2019,2021-02-23 01:52:00.713994300,20.8,1,11,2,20.8
NG-00780,Jaipur District Court,Family,2020-04-01,2020,2023-08-30 11:47:10.091126748,40.95,1,5,0,40.95
NG-00781,Noida District Court,Property,2023-10-01,2023,,32.98,0,8,2,32.98
NG-00782,Lucknow District Court,Motor Accident,2024-08-01,2024,,22.96,0,6,3,22.96
NG-00783,Noida District Court,Family,2024-12-01,2024,,18.96,0,7,1,18.96
NG-00784,Delhi District Court,Cheque Bounce,2020-08-01,2020,2025-01-07 11:44:58.230672164,53.24,1,3,1,53.24
NG-00785,Delhi District Court,Civil Dispute,2021-07-01,2021,,59.99,0,7,3,59.99
NG-00786,Lucknow District Court,Property,2018-05-01,2018,2023-07-29 05:24:55.243156023,62.92,1,7,2,62.92
NG-00787,Jaipur District Court,Civil Dispute,2019-10-01,2019,2024-04-15 18:37:07.114790075,54.49,1,11,1,54.49
NG-00788,Noida District Court,Property,2018-04-01,2018,2021-11-13 03:04:25.241397363,43.43,1,9,4,43.43
NG-00789,Lucknow District Court,Cheque Bounce,2019-12-01,2019,2024-01-15 02:41:00.232890737,49.48,1,8,3,49.48
NG-00790,Lucknow District Court,Family,2021-10-01,2021,2024-07-14 06:54:51.170569326,33.42,1,11,1,33.42
NG-00791,Delhi District Court,Property,2021-07-01,2021,2024-08-28 08:32:11.114131525,37.92,1,6,1,37.92
NG-00792,Jaipur District Court,Family,2018-04-01,2018,2021-01-14 01:09:18.999636171,33.48,1,9,1,33.48
NG-00793,Noida District Court,Cheque Bounce,2025-07-01,2025,,11.99,0,4,4,11.99
NG-00794,Lucknow District Court,Cheque Bounce,2018-06-01,2018,2020-12-29 08:23:48.184159801,30.96,1,8,6,30.96
NG-00795,Noida District Court,Motor Accident,2021-01-01,2021,2023-03-22 13:18:05.058922766,26.63,1,6,1,26.63
NG-00796,Delhi District Court,Civil Dispute,2022-03-01,2022,,52.0,0,2,2,52.0
NG-00797,Noida District Court,Property,2021-04-01,2021,,62.98,0,10,3,62.98
NG-00798,Lucknow District Court,Civil Dispute,2019-05-01,2019,2023-04-16 00:59:31.111153373,47.5,1,7,3,47.5
NG-00799,Lucknow District Court,Cheque Bounce,2021-02-01,2021,2024-08-06 00:01:50.576727080,42.12,1,6,1,42.12
NG-00800,Delhi District Court,Civil Dispute,2023-10-01,2023,,32.98,0,9,2,32.98
NG-00801,Noida District Court,Motor Accident,2023-01-01,2023,2025-09-11 03:07:06.739917533,32.33,1,7,6,32.33
NG-00802,Delhi District Court,Civil Dispute,2025-12-01,2025,,6.96,0,5,4,6.96
NG-00803,Noida District Court,Property,2020-02-01,2020,2022-08-03 09:00:54.300296989,30.04,1,5,4,30.04
NG-00804,Delhi District Court,Civil Dispute,2021-10-01,2021,2023-09-23 10:25:55.324338571,23.73,1,5,2,23.73
NG-00805,Delhi District Court,Property,2022-11-01,2022,2025-06-15 00:16:28.604800917,31.44,1,6,2,31.44
NG-00806,Lucknow District Court,Civil Dispute,2021-05-01,2021,2023-12-30 09:00:44.259108186,31.98,1,6,4,31.98
NG-00807,Lucknow District Court,Motor Accident,2023-03-01,2023,2025-12-25 20:02:42.173346831,33.86,1,7,3,33.86
NG-00808,Noida District Court,Family,2020-04-01,2020,2023-12-02 23:25:12.123406231,44.05,1,4,2,44.05
NG-00809,Jaipur District Court,Property,2023-02-01,2023,,40.93,0,5,0,40.93
NG-00810,Lucknow District Court,Property,2020-06-01,2020,2024-02-05 15:32:17.257812573,44.17,1,10,2,44.17
NG-00811,Noida District Court,Civil Dispute,2024-05-01,2024,,25.99,0,8,5,25.99
NG-00812,Delhi District Court,Civil Dispute,2023-01-01,2023,2025-01-01 00:52:48.641432056,24.02,1,4,2,24.02
NG-00813,Delhi District Court,Family,2018-11-01,2018,2020-05-16 07:19:10.845056976,18.47,1,6,2,18.47
NG-00814,Jaipur District Court,Motor Accident,2019-05-01,2019,2026-04-04 16:26:17.189819272,83.14,1,11,3,83.14
NG-00815,Lucknow District Court,Civil Dispute,2023-08-01,2023,2024-05-13 19:28:29.835991024,9.42,1,5,0,9.42
NG-00816,Noida District Court,Cheque Bounce,2025-05-01,2025,,13.99,0,2,1,13.99
NG-00817,Lucknow District Court,Cheque Bounce,2022-08-01,2022,2025-06-20 17:02:28.841361705,34.65,1,9,2,34.65
NG-00818,Lucknow District Court,Cheque Bounce,2024-01-01,2024,,29.96,0,8,2,29.96
NG-00819,Lucknow District Court,Property,2019-12-01,2019,2024-07-11 04:34:08.650414917,55.33,1,7,3,55.33
NG-00820,Delhi District Court,Motor Accident,2020-10-01,2020,2023-08-28 02:44:27.575652183,34.86,1,7,2,34.86
NG-00821,Delhi District Court,Civil Dispute,2023-07-01,2023,,36.01,0,6,0,36.01
NG-00822,Jaipur District Court,Property,2018-12-01,2018,2022-01-23 03:46:05.862926504,37.75,1,9,1,37.75
NG-00823,Delhi District Court,Property,2020-03-01,2020,2022-10-27 21:54:36.472821540,31.9,1,6,2,31.9
NG-00824,Delhi District Court,Cheque Bounce,2023-07-01,2023,,36.01,0,10,0,36.01
NG-00825,Delhi District Court,Civil Dispute,2019-02-01,2019,2020-04-19 10:36:28.647956027,14.57,1,6,1,14.57
NG-00826,Jaipur District Court,Civil Dispute,2020-03-01,2020,2022-09-23 23:51:55.095567586,30.78,1,7,1,30.78
NG-00827,Delhi District Court,Cheque Bounce,2025-01-01,2025,,17.94,0,5,1,17.94
NG-00828,Noida District Court,Civil Dispute,2020-06-01,2020,2021-11-29 14:38:15.833195070,17.96,1,11,4,17.96
NG-00829,Delhi District Court,Property,2020-11-01,2020,2023-11-14 20:39:08.198238461,36.43,1,8,2,36.43
NG-00830,Jaipur District Court,Motor Accident,2018-02-01,2018,2020-10-12 05:33:06.002605051,32.33,1,7,2,32.33
NG-00831,Noida District Court,Cheque Bounce,2023-09-01,2023,2025-08-09 21:07:31.452920670,23.29,1,4,3,23.29
NG-00832,Lucknow District Court,Property,2023-11-01,2023,,31.96,0,8,6,31.96
NG-00833,Noida District Court,Cheque Bounce,2019-12-01,2019,2023-01-15 15:13:19.643245080,37.5,1,11,1,37.5
NG-00834,Noida District Court,Cheque Bounce,2022-10-01,2022,2025-03-22 11:50:11.014441995,29.68,1,5,1,29.68
NG-00835,Delhi District Court,Property,2023-02-01,2023,2024-09-10 20:43:29.238223575,19.31,1,5,2,19.31
NG-00836,Lucknow District Court,Cheque Bounce,2020-02-01,2020,2022-09-08 21:33:53.615071776,31.24,1,2,9,31.24
NG-00837,Noida District Court,Civil Dispute,2018-05-01,2018,2020-01-29 19:04:44.875943330,20.99,1,4,2,20.99
NG-00838,Delhi District Court,Cheque Bounce,2025-07-01,2025,,11.99,0,8,2,11.99
NG-00839,Jaipur District Court,Motor Accident,2019-12-01,2019,2021-02-07 17:54:30.201333958,14.28,1,7,2,14.28
NG-00840,Noida District Court,Cheque Bounce,2018-06-01,2018,2020-03-06 15:16:34.494764171,21.18,1,5,2,21.18
NG-00841,Lucknow District Court,Cheque Bounce,2021-04-01,2021,2025-02-09 12:53:25.374411703,46.34,1,11,4,46.34
NG-00842,Jaipur District Court,Cheque Bounce,2019-10-01,2019,2022-11-30 07:02:14.135141247,37.99,1,6,1,37.99
NG-00843,Delhi District Court,Property,2020-04-01,2020,2022-02-15 03:41:11.929673146,22.51,1,6,3,22.51
NG-00844,Delhi District Court,Cheque Bounce,2024-03-01,2024,,27.99,0,5,4,27.99
NG-00845,Lucknow District Court,Civil Dispute,2019-08-01,2019,2022-01-26 23:46:07.382175159,29.89,1,8,2,29.89
NG-00846,Lucknow District Court,Motor Accident,2022-04-01,2022,2024-04-24 18:37:26.791856961,24.8,1,6,4,24.8
NG-00847,Noida District Court,Cheque Bounce,2020-01-01,2020,2021-07-06 21:27:07.666657361,18.16,1,7,1,18.16
NG-00848,Noida District Court,Cheque Bounce,2020-03-01,2020,2021-12-18 05:13:50.268295827,21.59,1,9,1,21.59
NG-00849,Lucknow District Court,Civil Dispute,2020-04-01,2020,2021-12-17 01:59:41.784096068,20.53,1,5,4,20.53
NG-00850,Noida District Court,Civil Dispute,2020-09-01,2020,2022-11-28 04:14:49.751971797,26.88,1,6,7,26.88
NG-00851,Lucknow District Court,Property,2023-09-01,2023,2024-11-23 07:45:19.028504079,14.76,1,8,4,14.76
NG-00852,Jaipur District Court,Cheque Bounce,2025-06-01,2025,,12.98,0,3,4,12.98
NG-00853,Lucknow District Court,Cheque Bounce,2024-10-01,2024,,20.96,0,7,4,20.96
NG-00854,Delhi District Court,Motor Accident,2024-02-01,2024,2025-04-10 10:40:39.190547533,14.27,1,3,2,14.27
NG-00855,Noida District Court,Cheque Bounce,2019-02-01,2019,2023-09-05 11:45:10.819287639,55.11,1,6,2,55.11
NG-00856,Lucknow District Court,Property,2021-02-01,2021,2024-05-25 06:22:06.379364798,39.73,1,13,4,39.73
NG-00857,Delhi District Court,Cheque Bounce,2019-05-01,2019,2020-12-11 18:55:54.965090674,19.41,1,6,1,19.41
NG-00858,Jaipur District Court,Civil Dispute,2020-02-01,2020,2022-12-17 16:09:21.026193203,34.52,1,5,1,34.52
NG-00859,Jaipur District Court,Motor Accident,2021-07-01,2021,2023-12-10 06:36:47.536116744,29.31,1,7,1,29.31
NG-00860,Delhi District Court,Family,2023-09-01,2023,2025-12-13 10:04:58.777290001,27.41,1,8,6,27.41
NG-00861,Jaipur District Court,Family,2023-11-01,2023,,31.96,0,8,4,31.96
NG-00862,Jaipur District Court,Property,2025-04-01,2025,,14.98,0,9,3,14.98
NG-00863,Noida District Court,Civil Dispute,2022-04-01,2022,2024-02-09 06:52:04.548900927,22.32,1,5,2,22.32
NG-00864,Lucknow District Court,Property,2020-03-01,2020,2022-04-18 01:38:06.641511584,25.56,1,5,2,25.56
NG-00865,Delhi District Court,Civil Dispute,2018-01-01,2018,2020-08-16 06:39:06.952401648,31.48,1,13,1,31.48
NG-00866,Jaipur District Court,Property,2020-05-01,2020,2023-05-10 00:53:38.940766074,36.27,1,2,5,36.27
NG-00867,Lucknow District Court,Property,2018-01-01,2018,2021-10-21 07:30:10.958202253,45.64,1,7,2,45.64
NG-00868,Jaipur District Court,Motor Accident,2025-04-01,2025,,14.98,0,7,2,14.98
NG-00869,Noida District Court,Motor Accident,2021-08-01,2021,2022-10-09 15:57:13.701741258,14.28,1,7,3,14.28
NG-00870,Lucknow District Court,Family,2025-02-01,2025,,16.92,0,10,3,16.92
NG-00871,Jaipur District Court,Civil Dispute,2021-10-01,2021,2025-11-09 14:05:01.474220307,49.3,1,3,2,49.3
NG-00872,Noida District Court,Motor Accident,2022-10-01,2022,2025-10-18 09:37:27.605416563,36.58,1,12,4,36.58
NG-00873,Noida District Court,Family,2020-07-01,2020,2023-01-09 08:21:41.223553770,30.3,1,3,8,30.3
NG-00874,Delhi District Court,Cheque Bounce,2020-12-01,2020,2022-12-08 05:19:14.990737298,24.22,1,10,0,24.22
NG-00875,Lucknow District Court,Cheque Bounce,2024-06-01,2024,,24.97,0,11,1,24.97
NG-00876,Lucknow District Court,Civil Dispute,2023-03-01,2023,,40.01,0,8,10,40.01
NG-00877,Noida District Court,Motor Accident,2020-10-01,2020,2024-10-28 06:35:18.586267200,48.89,1,10,2,48.89
NG-00878,Jaipur District Court,Civil Dispute,2019-11-01,2019,2024-11-19 04:11:50.831670963,60.62,1,10,4,60.62
NG-00879,Noida District Court,Cheque Bounce,2021-11-01,2021,2024-11-11 18:54:57.584208415,36.36,1,9,4,36.36
NG-00880,Delhi District Court,Civil Dispute,2023-06-01,2023,,36.99,0,7,1,36.99
NG-00881,Noida District Court,Motor Accident,2022-12-01,2022,2025-04-24 13:27:55.007015106,28.76,1,6,4,28.76
NG-00882,Jaipur District Court,Civil Dispute,2019-09-01,2019,2022-02-07 05:29:55.895214713,29.25,1,7,3,29.25
NG-00883,Noida District Court,Motor Accident,2023-10-01,2023,,32.98,0,14,5,32.98
NG-00884,Noida District Court,Cheque Bounce,2021-06-01,2021,,60.97,0,12,4,60.97
NG-00885,Lucknow District Court,Property,2022-12-01,2022,,42.97,0,8,2,42.97
NG-00886,Delhi District Court,Motor Accident,2020-01-01,2020,2021-08-25 03:29:17.364705740,19.78,1,14,2,19.78
NG-00887,Jaipur District Court,Cheque Bounce,2022-12-01,2022,2024-06-10 18:32:30.024930750,18.32,1,5,4,18.32
NG-00888,Noida District Court,Civil Dispute,2024-10-01,2024,2026-06-06 04:16:30.622950609,20.14,1,8,1,20.14
NG-00889,Jaipur District Court,Cheque Bounce,2024-09-01,2024,,21.94,0,3,2,21.94
NG-00890,Noida District Court,Motor Accident,2024-12-01,2024,,18.96,0,2,3,18.96
NG-00891,Lucknow District Court,Motor Accident,2022-03-01,2022,2026-02-10 05:38:01.055477008,47.38,1,13,3,47.38
NG-00892,Lucknow District Court,Civil Dispute,2019-05-01,2019,2021-07-27 23:55:44.280841287,26.91,1,8,4,26.91
NG-00893,Lucknow District Court,Motor Accident,2020-10-01,2020,2021-04-29 01:40:24.135848852,6.9,1,4,1,6.9
NG-00894,Noida District Court,Property,2022-07-01,2022,2025-01-12 23:16:17.051468462,30.45,1,9,2,30.45
NG-00895,Noida District Court,Civil Dispute,2018-07-01,2018,2020-07-21 14:23:37.685498274,24.69,1,7,0,24.69
NG-00896,Lucknow District Court,Motor Accident,2020-01-01,2020,2022-08-04 09:53:39.106120208,31.09,1,7,1,31.09
NG-00897,Noida District Court,Cheque Bounce,2022-07-01,2022,2024-02-17 09:18:30.514170355,19.59,1,10,4,19.59
NG-00898,Lucknow District Court,Cheque Bounce,2020-08-01,2020,2022-11-30 22:10:04.968924288,27.99,1,6,4,27.99
NG-00899,Noida District Court,Civil Dispute,2019-10-01,2019,2021-10-28 17:10:39.254436364,24.92,1,8,1,24.92
NG-00900,Lucknow District Court,Motor Accident,2020-09-01,2020,2024-05-25 10:36:38.645427553,44.76,1,8,1,44.76
NG-00901,Jaipur District Court,Family,2023-02-01,2023,2025-06-03 04:23:26.107324463,28.03,1,6,1,28.03
NG-00902,Lucknow District Court,Civil Dispute,2023-09-01,2023,,33.97,0,9,2,33.97
NG-00903,Lucknow District Court,Cheque Bounce,2023-01-01,2023,2025-01-12 02:29:19.795007402,24.38,1,6,1,24.38
NG-00904,Lucknow District Court,Civil Dispute,2021-11-01,2021,2025-03-28 20:12:42.137970243,40.86,1,8,2,40.86
NG-00905,Noida District Court,Motor Accident,2025-11-01,2025,,7.95,0,11,0,7.95
NG-00906,Noida District Court,Motor Accident,2018-12-01,2018,2020-05-14 03:19:33.430069902,17.42,1,6,2,17.42
NG-00907,Delhi District Court,Property,2025-08-01,2025,,10.97,0,4,4,10.97
NG-00908,Lucknow District Court,Family,2024-10-01,2024,2026-02-24 04:40:43.923924108,16.79,1,6,1,16.79
NG-00909,Delhi District Court,Family,2021-07-01,2021,2024-07-27 22:20:44.859751123,36.89,1,4,7,36.89
NG-00910,Jaipur District Court,Motor Accident,2022-04-01,2022,2023-12-27 22:26:25.958431020,20.89,1,5,1,20.89
NG-00911,Noida District Court,Property,2021-06-01,2021,,60.97,0,11,3,60.97
NG-00912,Lucknow District Court,Motor Accident,2025-11-01,2025,,7.95,0,5,2,7.95
NG-00913,Noida District Court,Family,2020-07-01,2020,2022-01-12 02:10:08.179336542,18.4,1,10,1,18.4
NG-00914,Noida District Court,Cheque Bounce,2022-08-01,2022,2026-05-04 01:13:50.948156395,45.07,1,11,3,45.07
NG-00915,Lucknow District Court,Cheque Bounce,2018-11-01,2018,2023-05-14 07:08:57.249194357,54.38,1,7,1,54.38
NG-00916,Lucknow District Court,Cheque Bounce,2018-06-01,2018,2021-03-01 12:09:02.988040199,33.0,1,7,7,33.0
NG-00917,Delhi District Court,Motor Accident,2024-06-01,2024,2026-01-24 19:00:30.275019555,19.8,1,11,1,19.8
NG-00918,Delhi District Court,Property,2023-09-01,2023,,33.97,0,5,2,33.97
NG-00919,Lucknow District Court,Family,2019-11-01,2019,2022-05-01 22:15:40.208539040,29.99,1,7,2,29.99
NG-00920,Jaipur District Court,Property,2024-05-01,2024,,25.99,0,12,4,25.99
NG-00921,Delhi District Court,Civil Dispute,2021-11-01,2021,2024-08-10 17:09:48.420741942,33.3,1,5,1,33.3
NG-00922,Jaipur District Court,Civil Dispute,2018-04-01,2018,2021-06-13 09:52:39.102323684,38.42,1,5,4,38.42
NG-00923,Delhi District Court,Property,2025-06-01,2025,,12.98,0,10,2,12.98
NG-00924,Jaipur District Court,Property,2020-01-01,2020,2021-04-02 19:47:48.674190197,15.04,1,4,0,15.04
NG-00925,Jaipur District Court,Motor Accident,2024-04-01,2024,,26.97,0,8,5,26.97
NG-00926,Jaipur District Court,Property,2020-04-01,2020,2022-03-13 23:25:34.834019773,23.39,1,3,2,23.39
NG-00927,Lucknow District Court,Cheque Bounce,2021-06-01,2021,2024-10-10 07:15:04.185866165,40.32,1,9,2,40.32
NG-00928,Delhi District Court,Cheque Bounce,2022-06-01,2022,2025-01-24 08:04:39.823419717,31.81,1,2,5,31.81
NG-00929,Delhi District Court,Family,2018-04-01,2018,2021-07-01 20:28:45.929485358,39.02,1,8,2,39.02
NG-00930,Delhi District Court,Motor Accident,2019-01-01,2019,2022-03-15 12:07:17.123585543,38.42,1,4,1,38.42
NG-00931,Jaipur District Court,Cheque Bounce,2023-01-01,2023,2024-09-07 16:33:25.826152731,20.23,1,5,2,20.23
NG-00932,Noida District Court,Civil Dispute,2025-10-01,2025,,8.97,0,7,1,8.97
NG-00933,Jaipur District Court,Cheque Bounce,2025-01-01,2025,,17.94,0,6,2,17.94
NG-00934,Jaipur District Court,Civil Dispute,2019-10-01,2019,2023-05-13 17:19:59.642092076,43.39,1,8,1,43.39
NG-00935,Noida District Court,Family,2022-12-01,2022,2024-07-12 23:17:37.149635760,19.38,1,10,2,19.38
NG-00936,Lucknow District Court,Property,2024-11-01,2024,,19.94,0,8,3,19.94
NG-00937,Delhi District Court,Cheque Bounce,2020-02-01,2020,2022-12-03 02:17:45.916159790,34.04,1,7,4,34.04
NG-00938,Noida District Court,Cheque Bounce,2023-05-01,2023,2024-10-23 14:15:22.424438977,17.79,1,12,2,17.79
NG-00939,Jaipur District Court,Family,2021-10-01,2021,2026-02-06 19:29:55.258105318,52.23,1,6,8,52.23
NG-00940,Noida District Court,Cheque Bounce,2020-04-01,2020,2022-07-31 20:13:03.378286344,27.98,1,8,0,27.98
NG-00941,Lucknow District Court,Property,2022-06-01,2022,2026-03-27 17:22:03.303140280,45.85,1,8,3,45.85
NG-00942,Jaipur District Court,Property,2024-03-01,2024,,27.99,0,10,3,27.99
NG-00943,Lucknow District Court,Civil Dispute,2019-11-01,2019,2022-12-05 11:36:01.127529552,37.14,1,5,2,37.14
NG-00944,Lucknow District Court,Property,2022-07-01,2022,2025-02-24 04:08:54.112424040,31.84,1,5,4,31.84
NG-00945,Jaipur District Court,Cheque Bounce,2025-03-01,2025,,16.0,0,6,5,16.0
NG-00946,Noida District Court,Cheque Bounce,2024-02-01,2024,,28.94,0,6,1,28.94
NG-00947,Jaipur District Court,Motor Accident,2021-11-01,2021,2023-06-05 17:56:22.324640807,19.11,1,5,5,19.11
NG-00948,Delhi District Court,Cheque Bounce,2019-01-01,2019,2024-02-18 05:17:59.518007937,61.57,1,7,1,61.57
NG-00949,Jaipur District Court,Cheque Bounce,2024-12-01,2024,,18.96,0,10,1,18.96
NG-00950,Jaipur District Court,Property,2023-09-01,2023,,33.97,0,9,1,33.97
NG-00951,Delhi District Court,Family,2022-02-01,2022,2025-07-06 00:27:30.485487404,41.1,1,9,3,41.1
NG-00952,Noida District Court,Family,2019-03-01,2019,2019-12-20 13:57:54.574965915,9.68,1,6,0,9.68
NG-00953,Lucknow District Court,Cheque Bounce,2018-12-01,2018,2022-04-20 07:09:33.541474812,40.61,1,10,3,40.61
NG-00954,Noida District Court,Family,2021-05-01,2021,2022-12-02 12:01:19.834085248,19.07,1,6,1,19.07
NG-00955,Jaipur District Court,Family,2019-09-01,2019,2021-03-18 23:04:53.838133357,18.56,1,10,2,18.56
NG-00956,Delhi District Court,Family,2020-08-01,2020,2022-07-14 06:19:46.768557051,23.4,1,5,4,23.4
NG-00957,Lucknow District Court,Property,2018-07-01,2018,2020-08-31 22:43:20.553551472,26.05,1,9,2,26.05
NG-00958,Delhi District Court,Family,2018-02-01,2018,2019-08-17 20:46:16.236156267,18.49,1,2,3,18.49
NG-00959,Delhi District Court,Motor Accident,2023-09-01,2023,,33.97,0,6,3,33.97
NG-00960,Lucknow District Court,Motor Accident,2018-10-01,2018,2023-04-25 02:43:23.655227243,54.77,1,5,3,54.77
NG-00961,Delhi District Court,Cheque Bounce,2024-10-01,2024,,20.96,0,7,1,20.96
NG-00962,Lucknow District Court,Family,2018-10-01,2018,2021-02-04 18:15:33.441725977,28.18,1,6,2,28.18
NG-00963,Lucknow District Court,Motor Accident,2021-05-01,2021,2024-01-13 19:01:24.486803451,32.45,1,8,5,32.45
NG-00964,Jaipur District Court,Civil Dispute,2021-07-01,2021,2023-11-10 16:23:18.343687464,28.34,1,7,4,28.34
NG-00965,Lucknow District Court,Cheque Bounce,2024-03-01,2024,,27.99,0,3,1,27.99
NG-00966,Lucknow District Court,Motor Accident,2019-07-01,2019,2022-12-13 19:14:22.169381565,41.45,1,5,2,41.45
NG-00967,Noida District Court,Property,2018-05-01,2018,2023-03-08 19:09:58.066204219,58.24,1,8,1,58.24
NG-00968,Noida District Court,Civil Dispute,2018-12-01,2018,2021-05-22 20:18:38.110846780,29.69,1,6,3,29.69
NG-00969,Delhi District Court,Cheque Bounce,2022-07-01,2022,,48.0,0,6,5,48.0
NG-00970,Lucknow District Court,Cheque Bounce,2022-07-01,2022,,48.0,0,5,3,48.0
NG-00971,Jaipur District Court,Family,2023-09-01,2023,,33.97,0,8,7,33.97
NG-00972,Noida District Court,Motor Accident,2025-04-01,2025,,14.98,0,7,2,14.98
NG-00973,Jaipur District Court,Civil Dispute,2018-07-01,2018,2020-05-04 06:39:52.695732899,22.12,1,3,2,22.12
NG-00974,Delhi District Court,Family,2022-08-01,2022,2023-08-26 12:12:08.859164526,12.83,1,4,2,12.83
NG-00975,Jaipur District Court,Civil Dispute,2019-02-01,2019,2020-03-16 18:29:08.415455040,13.46,1,5,3,13.46
NG-00976,Jaipur District Court,Property,2023-06-01,2023,2025-10-01 12:46:25.148704707,28.04,1,10,2,28.04
NG-00977,Noida District Court,Motor Accident,2018-02-01,2018,2020-04-24 19:33:55.922581013,26.74,1,8,3,26.74
NG-00978,Delhi District Court,Property,2020-11-01,2020,2024-09-14 04:41:56.984558504,46.43,1,8,2,46.43
NG-00979,Noida District Court,Family,2018-11-01,2018,2020-08-13 04:12:40.546314521,21.39,1,4,2,21.39
NG-00980,Jaipur District Court,Cheque Bounce,2025-02-01,2025,,16.92,0,7,5,16.92
NG-00981,Jaipur District Court,Cheque Bounce,2020-08-01,2020,2021-11-01 16:55:46.397714862,15.04,1,8,1,15.04
NG-00982,Lucknow District Court,Motor Accident,2020-03-01,2020,2022-07-07 15:14:45.361644129,28.21,1,12,4,28.21
NG-00983,Noida District Court,Family,2022-04-01,2022,2024-08-13 17:28:17.688540838,28.44,1,6,1,28.44
NG-00984,Jaipur District Court,Civil Dispute,2020-12-01,2020,2024-08-21 05:20:01.524073162,44.65,1,4,4,44.65
NG-00985,Noida District Court,Motor Accident,2021-03-01,2021,2022-03-21 07:10:32.384568846,12.66,1,6,1,12.66
NG-00986,Delhi District Court,Family,2018-09-01,2018,2022-01-19 23:44:44.846068358,40.64,1,7,7,40.64
NG-00987,Noida District Court,Property,2019-01-01,2019,2020-09-05 20:07:15.540540669,20.17,1,6,4,20.17
NG-00988,Jaipur District Court,Civil Dispute,2025-11-01,2025,,7.95,0,6,3,7.95
NG-00989,Lucknow District Court,Civil Dispute,2022-04-01,2022,2023-10-26 21:12:54.656107816,18.85,1,9,3,18.85
NG-00990,Delhi District Court,Civil Dispute,2024-12-01,2024,,18.96,0,4,3,18.96
NG-00991,Jaipur District Court,Motor Accident,2023-12-01,2023,,30.98,0,7,2,30.98
NG-00992,Lucknow District Court,Property,2025-05-01,2025,,13.99,0,5,1,13.99
NG-00993,Delhi District Court,Motor Accident,2025-06-01,2025,,12.98,0,9,2,12.98
NG-00994,Delhi District Court,Family,2024-02-01,2024,2026-01-10 15:50:01.711491221,23.31,1,9,2,23.31
NG-00995,Lucknow District Court,Cheque Bounce,2023-09-01,2023,2026-02-15 21:26:05.927054087,29.53,1,5,1,29.53
NG-00996,Noida District Court,Cheque Bounce,2023-07-01,2023,2026-02-05 17:44:13.301888118,31.23,1,8,5,31.23
NG-00997,Jaipur District Court,Family,2020-02-01,2020,2022-01-31 12:23:22.333428049,24.0,1,7,2,24.0
NG-00998,Jaipur District Court,Family,2019-07-01,2019,2021-05-22 17:00:56.004407161,22.72,1,4,4,22.72
NG-00999,Lucknow District Court,Cheque Bounce,2019-10-01,2019,2023-03-30 13:01:23.499347424,41.94,1,10,0,41.94
NG-01000,Delhi District Court,Motor Accident,2023-03-01,2023,2025-10-06 07:17:26.095936456,31.22,1,13,2,31.22
NG-01001,Delhi District Court,Property,2025-10-01,2025,,8.97,0,14,3,8.97
NG-01002,Delhi District Court,Civil Dispute,2018-12-01,2018,2020-09-16 08:10:05.888973103,21.53,1,4,2,21.53
NG-01003,Delhi District Court,Civil Dispute,2018-04-01,2018,2021-01-13 13:51:55.472303897,33.46,1,7,0,33.46
NG-01004,Delhi District Court,Cheque Bounce,2025-12-01,2025,,6.96,0,4,0,6.96
NG-01005,Lucknow District Court,Civil Dispute,2023-01-01,2023,2025-11-14 10:50:53.748583267,34.44,1,11,3,34.44
NG-01006,Noida District Court,Motor Accident,2021-01-01,2021,2023-09-06 21:42:24.591422917,32.16,1,7,2,32.16
NG-01007,Delhi District Court,Cheque Bounce,2024-04-01,2024,,26.97,0,7,1,26.97
NG-01008,Delhi District Court,Cheque Bounce,2025-05-01,2025,,13.99,0,10,1,13.99
NG-01009,Lucknow District Court,Cheque Bounce,2024-07-01,2024,,23.98,0,10,0,23.98
NG-01010,Noida District Court,Family,2024-12-01,2024,2026-04-17 17:23:22.534687705,16.52,1,6,2,16.52
NG-01011,Jaipur District Court,Civil Dispute,2022-07-01,2022,2025-01-17 13:08:27.160020332,30.6,1,5,2,30.6
NG-01012,Jaipur District Court,Family,2024-08-01,2024,,22.96,0,11,3,22.96
NG-01013,Jaipur District Court,Motor Accident,2018-06-01,2018,2021-05-25 14:49:14.743755474,35.8,1,5,2,35.8
NG-01014,Noida District Court,Family,2025-03-01,2025,,16.0,0,4,1,16.0
NG-01015,Noida District Court,Motor Accident,2018-11-01,2018,2021-07-24 22:09:52.504447080,32.75,1,7,1,32.75
NG-01016,Lucknow District Court,Cheque Bounce,2019-02-01,2019,2021-09-13 01:06:18.175244967,31.37,1,9,1,31.37
NG-01017,Jaipur District Court,Cheque Bounce,2020-12-01,2020,2024-02-02 00:56:45.041150287,38.04,1,6,5,38.04
NG-01018,Jaipur District Court,Family,2022-11-01,2022,2024-07-23 08:31:06.475460430,20.71,1,9,2,20.71
NG-01019,Delhi District Court,Cheque Bounce,2019-01-01,2019,2024-09-21 22:11:48.765180681,68.69,1,8,3,68.69
NG-01020,Noida District Court,Civil Dispute,2020-10-01,2020,2023-03-23 08:12:34.416778584,29.68,1,5,3,29.68
NG-01021,Jaipur District Court,Civil Dispute,2019-05-01,2019,2021-10-01 19:09:49.415965568,29.07,1,5,2,29.07
NG-01022,Lucknow District Court,Property,2019-10-01,2019,2024-09-25 21:50:41.962172556,59.85,1,3,3,59.85
NG-01023,Delhi District Court,Civil Dispute,2019-02-01,2019,2022-07-20 05:54:14.995299162,41.57,1,8,3,41.57
NG-01024,Jaipur District Court,Property,2018-04-01,2018,2025-12-10 12:35:56.221942099,92.33,1,10,2,92.33
NG-01025,Lucknow District Court,Property,2022-10-01,2022,2025-03-21 04:27:25.356630634,29.64,1,3,0,29.64
NG-01026,Jaipur District Court,Motor Accident,2023-11-01,2023,,31.96,0,8,3,31.96
NG-01027,Noida District Court,Family,2020-06-01,2020,2021-12-18 10:31:25.886959236,18.58,1,8,2,18.58
NG-01028,Jaipur District Court,Family,2024-12-01,2024,,18.96,0,10,4,18.96
NG-01029,Noida District Court,Motor Accident,2022-07-01,2022,,48.0,0,5,4,48.0
NG-01030,Jaipur District Court,Cheque Bounce,2020-09-01,2020,2022-10-01 23:01:06.053725401,25.0,1,6,1,25.0
NG-01031,Noida District Court,Property,2022-03-01,2022,2023-06-01 06:58:21.558399516,15.02,1,7,1,15.02
NG-01032,Jaipur District Court,Property,2023-02-01,2023,2025-04-04 19:11:25.147735929,26.08,1,7,5,26.08
NG-01033,Lucknow District Court,Civil Dispute,2019-07-01,2019,2022-02-17 23:29:26.265267245,31.64,1,8,2,31.64
NG-01034,Delhi District Court,Family,2018-02-01,2018,2020-10-23 21:09:02.963607471,32.72,1,8,0,32.72
NG-01035,Noida District Court,Family,2018-04-01,2018,2021-01-04 03:23:51.382627428,33.15,1,3,6,33.15
NG-01036,Lucknow District Court,Civil Dispute,2022-04-01,2022,2026-02-20 19:29:32.821911654,46.71,1,6,1,46.71
NG-01037,Noida District Court,Motor Accident,2018-08-01,2018,2022-11-21 16:53:30.408674847,51.7,1,10,2,51.7
NG-01038,Noida District Court,Property,2019-02-01,2019,2021-05-21 02:03:36.612757316,27.6,1,1,1,27.6
NG-01039,Delhi District Court,Motor Accident,2021-08-01,2021,2024-08-22 03:06:41.462158740,36.7,1,7,4,36.7
NG-01040,Lucknow District Court,Property,2024-02-01,2024,2025-06-03 11:38:50.831451761,16.05,1,7,2,16.05
NG-01041,Delhi District Court,Property,2021-03-01,2021,2023-08-09 00:07:29.764920354,29.27,1,9,3,29.27
NG-01042,Lucknow District Court,Cheque Bounce,2021-07-01,2021,2025-09-17 04:32:29.031538433,50.56,1,7,3,50.56
NG-01043,Lucknow District Court,Civil Dispute,2023-11-01,2023,2026-04-26 01:02:00.879427708,29.8,1,8,1,29.8
NG-01044,Noida District Court,Civil Dispute,2020-03-01,2020,2022-01-03 03:41:16.753537478,22.11,1,9,3,22.11
NG-01045,Noida District Court,Motor Accident,2025-11-01,2025,,7.95,0,8,2,7.95
NG-01046,Lucknow District Court,Property,2019-06-01,2019,2023-05-25 08:37:48.588426091,47.78,1,7,3,47.78
NG-01047,Jaipur District Court,Motor Accident,2025-05-01,2025,,13.99,0,6,2,13.99
NG-01048,Lucknow District Court,Property,2021-05-01,2021,2025-08-12 11:33:09.272779879,51.4,1,5,4,51.4
NG-01049,Lucknow District Court,Civil Dispute,2021-11-01,2021,2024-09-30 13:41:58.031339856,34.97,1,6,7,34.97
NG-01050,Delhi District Court,Civil Dispute,2023-12-01,2023,,30.98,0,5,4,30.98
NG-01051,Jaipur District Court,Property,2021-02-01,2021,2023-04-07 13:54:10.376417747,26.14,1,8,1,26.14
NG-01052,Noida District Court,Property,2019-01-01,2019,2020-12-27 06:03:21.678852948,23.86,1,5,3,23.86
NG-01053,Lucknow District Court,Civil Dispute,2021-03-01,2021,2025-02-25 08:40:02.175609809,47.88,1,7,1,47.88
NG-01054,Jaipur District Court,Cheque Bounce,2025-01-01,2025,,17.94,0,8,2,17.94
NG-01055,Noida District Court,Motor Accident,2024-02-01,2024,,28.94,0,2,3,28.94
NG-01056,Lucknow District Court,Civil Dispute,2023-09-01,2023,2025-01-03 05:58:14.120616391,16.11,1,7,0,16.11
NG-01057,Jaipur District Court,Family,2023-05-01,2023,2025-05-23 08:16:27.138565456,24.75,1,7,3,24.75
NG-01058,Jaipur District Court,Motor Accident,2023-02-01,2023,2026-02-21 06:16:27.150264088,36.67,1,12,2,36.67
NG-01059,Noida District Court,Cheque Bounce,2024-06-01,2024,,24.97,0,7,4,24.97
NG-01060,Lucknow District Court,Cheque Bounce,2020-09-01,2020,2023-12-18 03:37:11.243470779,39.53,1,6,1,39.53
NG-01061,Noida District Court,Civil Dispute,2023-10-01,2023,,32.98,0,6,2,32.98
NG-01062,Noida District Court,Property,2020-03-01,2020,2022-08-08 14:03:47.334420872,29.26,1,5,3,29.26
NG-01063,Lucknow District Court,Civil Dispute,2023-04-01,2023,2026-03-05 04:48:30.743491135,35.12,1,3,0,35.12
NG-01064,Jaipur District Court,Property,2022-11-01,2022,2025-01-20 12:32:26.551520934,26.66,1,7,2,26.66
NG-01065,Jaipur District Court,Family,2018-05-01,2018,2019-05-23 22:11:22.043650439,12.74,1,3,3,12.74
NG-01066,Lucknow District Court,Motor Accident,2021-12-01,2021,2023-06-19 21:54:29.331434802,18.59,1,8,1,18.59
NG-01067,Lucknow District Court,Cheque Bounce,2019-05-01,2019,2022-08-27 02:09:02.434049012,39.88,1,7,4,39.88
NG-01068,Noida District Court,Family,2019-02-01,2019,2021-04-06 19:35:38.149814037,26.14,1,11,1,26.14
NG-01069,Jaipur District Court,Civil Dispute,2018-06-01,2018,2021-11-10 10:17:12.668767560,41.34,1,7,3,41.34
NG-01070,Jaipur District Court,Civil Dispute,2025-09-01,2025,,9.95,0,5,3,9.95
NG-01071,Lucknow District Court,Cheque Bounce,2024-02-01,2024,2026-06-20 20:18:27.055783699,28.61,1,6,1,28.61
NG-01072,Jaipur District Court,Motor Accident,2018-07-01,2018,2020-01-16 19:47:35.440402050,18.56,1,10,2,18.56
NG-01073,Jaipur District Court,Cheque Bounce,2020-10-01,2020,2023-03-09 15:48:18.136373546,29.23,1,7,0,29.23
NG-01074,Noida District Court,Civil Dispute,2023-12-01,2023,2024-11-11 12:10:24.309739937,11.38,1,5,2,11.38
NG-01075,Delhi District Court,Motor Accident,2025-04-01,2025,,14.98,0,7,4,14.98
NG-01076,Delhi District Court,Motor Accident,2025-01-01,2025,,17.94,0,7,3,17.94
NG-01077,Jaipur District Court,Property,2023-08-01,2023,2026-05-26 15:00:08.129749818,33.82,1,4,1,33.82
NG-01078,Delhi District Court,Civil Dispute,2023-01-01,2023,2024-12-20 11:15:24.742995445,23.64,1,9,2,23.64
NG-01079,Noida District Court,Property,2018-05-01,2018,2023-01-15 06:25:47.439686170,56.51,1,2,2,56.51
NG-01080,Jaipur District Court,Property,2023-02-01,2023,2025-02-24 08:47:40.633487341,24.78,1,5,2,24.78
NG-01081,Lucknow District Court,Family,2022-03-01,2022,2024-01-08 10:08:09.472850499,22.29,1,5,3,22.29
NG-01082,Noida District Court,Civil Dispute,2018-07-01,2018,2024-09-23 07:26:13.900954050,74.78,1,13,1,74.78
NG-01083,Delhi District Court,Motor Accident,2023-09-01,2023,2024-11-03 06:43:09.116528701,14.1,1,5,2,14.1
NG-01084,Delhi District Court,Motor Accident,2019-12-01,2019,2022-07-31 02:15:24.461797029,31.97,1,7,3,31.97
NG-01085,Jaipur District Court,Property,2022-03-01,2022,2025-08-31 15:45:49.908158968,42.04,1,8,2,42.04
NG-01086,Delhi District Court,Property,2023-04-01,2023,2024-11-23 23:42:52.149445678,19.81,1,14,0,19.81
NG-01087,Delhi District Court,Motor Accident,2022-04-01,2022,2026-06-08 14:36:31.060045517,50.25,1,5,2,50.25
NG-01088,Jaipur District Court,Property,2025-03-01,2025,,16.0,0,8,2,16.0
NG-01089,Noida District Court,Property,2018-02-01,2018,2021-06-13 02:04:06.338593050,40.34,1,6,2,40.34
NG-01090,Jaipur District Court,Civil Dispute,2025-04-01,2025,,14.98,0,6,4,14.98
NG-01091,Noida District Court,Civil Dispute,2020-02-01,2020,2022-10-17 07:16:25.758229359,32.5,1,7,3,32.5
NG-01092,Delhi District Court,Cheque Bounce,2022-05-01,2022,2024-09-12 12:29:42.189465315,28.43,1,11,1,28.43
NG-01093,Jaipur District Court,Cheque Bounce,2025-04-01,2025,,14.98,0,8,2,14.98
NG-01094,Jaipur District Court,Motor Accident,2018-02-01,2018,2020-04-12 01:58:39.008312325,26.32,1,8,3,26.32
NG-01095,Noida District Court,Motor Accident,2020-11-01,2020,2023-01-21 23:35:31.518211623,26.67,1,11,1,26.67
NG-01096,Noida District Court,Cheque Bounce,2022-07-01,2022,2024-09-30 05:22:25.179832963,27.01,1,7,2,27.01
NG-01097,Lucknow District Court,Civil Dispute,2020-06-01,2020,2022-04-08 06:48:19.282172443,22.22,1,3,1,22.22
NG-01098,Delhi District Court,Property,2018-08-01,2018,,94.97,0,6,5,94.97
NG-01099,Delhi District Court,Motor Accident,2019-11-01,2019,2023-01-17 03:43:13.999238137,38.54,1,6,2,38.54
NG-01100,Noida District Court,Civil Dispute,2024-01-01,2024,2026-05-01 21:12:42.612448919,27.99,1,6,0,27.99
NG-01101,Jaipur District Court,Family,2019-08-01,2019,2020-08-04 17:49:10.272901523,12.15,1,5,3,12.15
NG-01102,Noida District Court,Family,2022-09-01,2022,2026-04-05 03:43:47.529922339,43.11,1,13,6,43.11
NG-01103,Lucknow District Court,Civil Dispute,2020-12-01,2020,2025-07-13 05:09:35.577431294,55.36,1,4,3,55.36
NG-01104,Lucknow District Court,Cheque Bounce,2022-02-01,2022,2023-07-15 15:45:47.050001729,17.4,1,8,2,17.4
NG-01105,Delhi District Court,Property,2022-02-01,2022,2024-08-28 18:39:50.355270679,30.87,1,9,0,30.87
NG-01106,Jaipur District Court,Property,2024-06-01,2024,,24.97,0,8,3,24.97
NG-01107,Delhi District Court,Civil Dispute,2025-03-01,2025,,16.0,0,8,2,16.0
NG-01108,Lucknow District Court,Motor Accident,2023-12-01,2023,,30.98,0,7,3,30.98
NG-01109,Jaipur District Court,Civil Dispute,2025-01-01,2025,,17.94,0,10,2,17.94
NG-01110,Jaipur District Court,Motor Accident,2022-06-01,2022,2025-08-02 20:31:35.721284911,38.07,1,7,3,38.07
NG-01111,Delhi District Court,Civil Dispute,2018-07-01,2018,2023-03-03 15:44:04.628993274,56.07,1,8,1,56.07
NG-01112,Delhi District Court,Family,2023-07-01,2023,2026-05-01 22:03:23.434341638,34.03,1,8,3,34.03
NG-01113,Jaipur District Court,Civil Dispute,2025-08-01,2025,,10.97,0,8,4,10.97
NG-01114,Noida District Court,Family,2018-02-01,2018,2019-10-31 00:42:22.473113232,20.93,1,4,3,20.93
NG-01115,Noida District Court,Family,2022-09-01,2022,2026-02-15 22:54:34.248257216,41.52,1,6,2,41.52
NG-01116,Noida District Court,Cheque Bounce,2025-09-01,2025,,9.95,0,6,5,9.95
NG-01117,Jaipur District Court,Cheque Bounce,2018-08-01,2018,2021-06-23 20:06:11.476851336,34.75,1,5,5,34.75
NG-01118,Lucknow District Court,Motor Accident,2018-03-01,2018,2020-09-04 02:15:34.628113258,30.16,1,9,1,30.16
NG-01119,Noida District Court,Motor Accident,2024-05-01,2024,,25.99,0,9,5,25.99
NG-01120,Lucknow District Court,Family,2019-05-01,2019,2021-08-18 03:23:41.377838314,27.6,1,5,4,27.6
NG-01121,Delhi District Court,Motor Accident,2023-02-01,2023,2025-10-01 05:51:35.782179019,31.97,1,8,6,31.97
NG-01122,Noida District Court,Family,2024-11-01,2024,2026-04-10 02:12:32.070050326,17.25,1,8,3,17.25
NG-01123,Lucknow District Court,Family,2025-08-01,2025,,10.97,0,5,2,10.97
NG-01124,Jaipur District Court,Property,2024-08-01,2024,,22.96,0,10,2,22.96
NG-01125,Lucknow District Court,Property,2018-06-01,2018,2021-06-02 17:51:56.865200307,36.06,1,11,3,36.06
NG-01126,Lucknow District Court,Cheque Bounce,2020-07-01,2020,2024-07-07 08:21:40.534263279,48.2,1,8,1,48.2
NG-01127,Delhi District Court,Cheque Bounce,2025-07-01,2025,,11.99,0,6,4,11.99
NG-01128,Delhi District Court,Cheque Bounce,2025-09-01,2025,,9.95,0,12,2,9.95
NG-01129,Lucknow District Court,Family,2020-04-01,2020,2022-02-14 09:20:56.760416980,22.48,1,5,3,22.48
NG-01130,Jaipur District Court,Cheque Bounce,2025-08-01,2025,,10.97,0,9,1,10.97
NG-01131,Jaipur District Court,Civil Dispute,2023-02-01,2023,,40.93,0,8,1,40.93
NG-01132,Jaipur District Court,Civil Dispute,2019-12-01,2019,2023-05-10 16:39:25.859719272,41.28,1,7,5,41.28
NG-01133,Lucknow District Court,Civil Dispute,2021-01-01,2021,2025-02-22 11:59:11.892942412,49.72,1,8,8,49.72
NG-01134,Jaipur District Court,Civil Dispute,2024-11-01,2024,,19.94,0,8,3,19.94
NG-01135,Noida District Court,Civil Dispute,2020-02-01,2020,2021-05-21 17:35:26.622649564,15.63,1,5,1,15.63
NG-01136,Delhi District Court,Motor Accident,2021-01-01,2021,2023-08-25 22:14:11.471788409,31.76,1,3,4,31.76
NG-01137,Lucknow District Court,Family,2023-09-01,2023,2024-09-08 10:16:14.328308352,12.27,1,5,1,12.27
NG-01138,Delhi District Court,Family,2021-08-01,2021,2023-08-19 01:52:13.641211617,24.58,1,6,2,24.58
NG-01139,Delhi District Court,Motor Accident,2022-01-01,2022,,53.94,0,6,4,53.94
NG-01140,Noida District Court,Civil Dispute,2022-09-01,2022,2024-11-02 01:29:06.126379975,26.05,1,6,2,26.05
NG-01141,Lucknow District Court,Cheque Bounce,2019-11-01,2019,2025-12-23 14:43:30.771038208,73.74,1,7,4,73.74
NG-01142,Delhi District Court,Cheque Bounce,2022-05-01,2022,2023-07-11 23:02:09.519581339,14.35,1,7,2,14.35
NG-01143,Delhi District Court,Property,2020-02-01,2020,2022-12-10 10:56:55.206623973,34.28,1,2,2,34.28
NG-01144,Delhi District Court,Family,2022-06-01,2022,2026-03-25 04:00:40.676238480,45.77,1,6,3,45.77
NG-01145,Delhi District Court,Family,2023-05-01,2023,2025-02-15 17:49:17.723357037,21.57,1,8,3,21.57
NG-01146,Noida District Court,Cheque Bounce,2021-01-01,2021,2025-08-22 21:17:11.520753702,55.68,1,5,2,55.68
NG-01147,Noida District Court,Civil Dispute,2018-02-01,2018,2021-03-17 01:57:44.343182445,37.45,1,5,3,37.45
NG-01148,Jaipur District Court,Property,2021-08-01,2021,2024-06-30 06:34:45.003809398,34.96,1,7,4,34.96
NG-01149,Lucknow District Court,Civil Dispute,2023-01-01,2023,2026-05-24 19:08:23.984110106,40.73,1,5,4,40.73
NG-01150,Delhi District Court,Cheque Bounce,2020-09-01,2020,2022-11-19 04:44:17.650137554,26.58,1,5,1,26.58
NG-01151,Noida District Court,Property,2022-11-01,2022,2024-10-23 05:12:56.809253165,23.73,1,8,2,23.73
NG-01152,Jaipur District Court,Cheque Bounce,2019-06-01,2019,2022-09-25 07:58:27.907122417,39.83,1,5,6,39.83
NG-01153,Noida District Court,Civil Dispute,2020-06-01,2020,2024-02-11 09:18:26.514785946,44.36,1,8,3,44.36
NG-01154,Lucknow District Court,Property,2020-05-01,2020,2022-10-26 18:02:38.805491647,29.85,1,8,1,29.85
NG-01155,Delhi District Court,Cheque Bounce,2023-08-01,2023,,34.99,0,10,4,34.99
NG-01156,Jaipur District Court,Family,2018-12-01,2018,2021-09-14 23:36:11.914750509,33.48,1,5,2,33.48
NG-01157,Noida District Court,Motor Accident,2018-02-01,2018,2022-12-23 14:01:38.579977237,58.69,1,4,4,58.69
NG-01158,Lucknow District Court,Family,2018-08-01,2018,2020-05-05 12:58:58.791236764,21.14,1,6,4,21.14
NG-01159,Jaipur District Court,Family,2021-12-01,2021,2025-01-06 11:41:53.799315734,37.2,1,4,4,37.2
NG-01160,Noida District Court,Property,2020-08-01,2020,2023-08-26 04:16:17.729579049,36.8,1,7,1,36.8
NG-01161,Delhi District Court,Civil Dispute,2018-04-01,2018,2021-07-06 13:01:36.742832244,39.18,1,3,1,39.18
NG-01162,Noida District Court,Motor Accident,2021-04-01,2021,2023-10-14 04:10:00.313333245,30.43,1,8,4,30.43
NG-01163,Lucknow District Court,Family,2022-03-01,2022,2023-01-23 07:30:48.149477265,10.79,1,5,1,10.79
NG-01164,Delhi District Court,Family,2018-09-01,2018,2019-12-30 00:10:05.620960522,15.93,1,8,3,15.93
NG-01165,Noida District Court,Cheque Bounce,2019-01-01,2019,2020-10-25 04:34:57.532855272,21.79,1,8,1,21.79
NG-01166,Jaipur District Court,Civil Dispute,2018-07-01,2018,2021-07-25 02:49:38.126462442,36.8,1,9,2,36.8
NG-01167,Lucknow District Court,Cheque Bounce,2023-02-01,2023,2024-07-23 23:47:36.177745243,17.71,1,5,2,17.71
NG-01168,Jaipur District Court,Family,2023-04-01,2023,2026-04-09 02:56:02.873759340,36.27,1,8,4,36.27
NG-01169,Lucknow District Court,Property,2022-05-01,2022,2024-11-19 06:06:23.930171187,30.66,1,8,3,30.66
NG-01170,Lucknow District Court,Cheque Bounce,2019-11-01,2019,2022-05-02 06:41:24.425287031,30.0,1,3,2,30.0
NG-01171,Lucknow District Court,Motor Accident,2021-11-01,2021,2025-04-29 13:39:36.963599261,41.9,1,8,1,41.9
NG-01172,Noida District Court,Cheque Bounce,2019-03-01,2019,2024-08-30 04:01:48.483458114,66.0,1,4,3,66.0
NG-01173,Lucknow District Court,Cheque Bounce,2021-12-01,2021,2025-04-06 04:30:35.912194525,40.15,1,4,3,40.15
NG-01174,Jaipur District Court,Cheque Bounce,2021-09-01,2021,2023-02-07 04:36:54.206632670,17.22,1,7,2,17.22
NG-01175,Delhi District Court,Cheque Bounce,2019-03-01,2019,2022-07-23 05:35:17.408676039,40.74,1,4,5,40.74
NG-01176,Delhi District Court,Family,2019-02-01,2019,2020-12-01 10:02:41.048687653,21.99,1,10,5,21.99
NG-01177,Delhi District Court,Cheque Bounce,2022-10-01,2022,,44.97,0,9,3,44.97
NG-01178,Jaipur District Court,Property,2025-12-01,2025,,6.96,0,8,1,6.96
NG-01179,Noida District Court,Family,2018-10-01,2018,2020-08-21 20:35:02.285073720,22.7,1,3,3,22.7
NG-01180,Jaipur District Court,Civil Dispute,2025-09-01,2025,,9.95,0,7,7,9.95
NG-01181,Delhi District Court,Motor Accident,2021-09-01,2021,2022-12-02 07:32:55.134296784,15.02,1,4,3,15.02
NG-01182,Delhi District Court,Cheque Bounce,2025-06-01,2025,,12.98,0,5,5,12.98
NG-01183,Delhi District Court,Family,2024-12-01,2024,,18.96,0,7,3,18.96
NG-01184,Delhi District Court,Civil Dispute,2020-12-01,2020,2022-09-26 05:46:54.876221394,21.82,1,4,2,21.82
NG-01185,Jaipur District Court,Property,2019-02-01,2019,2020-08-02 11:04:17.246863464,18.02,1,6,1,18.02
NG-01186,Lucknow District Court,Motor Accident,2024-02-01,2024,2025-07-01 12:50:28.344861375,16.97,1,4,2,16.97
NG-01187,Lucknow District Court,Property,2019-06-01,2019,2023-04-15 04:53:06.086589357,46.46,1,8,6,46.46
NG-01188,Jaipur District Court,Cheque Bounce,2019-09-01,2019,2023-07-06 20:42:47.455583486,46.15,1,7,5,46.15
NG-01189,Noida District Court,Motor Accident,2018-05-01,2018,2020-04-17 13:58:07.065941675,23.57,1,10,3,23.57
NG-01190,Jaipur District Court,Civil Dispute,2024-07-01,2024,2026-06-20 23:24:33.491010539,23.65,1,4,3,23.65
NG-01191,Delhi District Court,Civil Dispute,2024-11-01,2024,,19.94,0,11,2,19.94
NG-01192,Lucknow District Court,Cheque Bounce,2019-09-01,2019,2024-09-29 19:17:34.652649508,60.97,1,9,2,60.97
NG-01193,Lucknow District Court,Cheque Bounce,2018-01-01,2018,2024-05-13 15:37:19.990937138,76.37,1,5,3,76.37
NG-01194,Delhi District Court,Property,2021-02-01,2021,2023-12-18 20:10:10.202081805,34.52,1,5,2,34.52
NG-01195,Noida District Court,Civil Dispute,2019-08-01,2019,2022-09-30 15:11:12.389263745,38.0,1,9,5,38.0
NG-01196,Noida District Court,Motor Accident,2025-05-01,2025,,13.99,0,9,3,13.99
NG-01197,Delhi District Court,Motor Accident,2021-07-01,2021,2025-01-08 07:06:45.377444554,42.29,1,8,2,42.29
NG-01198,Jaipur District Court,Motor Accident,2020-09-01,2020,2023-04-23 15:58:27.903351547,31.69,1,13,3,31.69
NG-01199,Delhi District Court,Family,2018-10-01,2018,2022-05-06 05:18:28.991403823,43.14,1,12,2,43.14
NG-01200,Noida District Court,Civil Dispute,2022-09-01,2022,,45.96,0,7,2,45.96
NG-01201,Delhi District Court,Family,2023-03-01,2023,2025-08-05 10:54:30.945737312,29.19,1,4,2,29.19
NG-01202,Jaipur District Court,Cheque Bounce,2022-04-01,2022,,50.99,0,7,4,50.99
NG-01203,Noida District Court,Cheque Bounce,2023-07-01,2023,,36.01,0,1,3,36.01
NG-01204,Delhi District Court,Civil Dispute,2018-03-01,2018,2020-07-25 06:39:39.674200824,28.82,1,5,2,28.82
NG-01205,Jaipur District Court,Property,2020-03-01,2020,2023-05-29 19:43:51.244190734,38.92,1,11,4,38.92
NG-01206,Noida District Court,Property,2023-04-01,2023,,38.99,0,5,1,38.99
NG-01207,Delhi District Court,Civil Dispute,2023-04-01,2023,,38.99,0,12,3,38.99
NG-01208,Lucknow District Court,Motor Accident,2018-01-01,2018,2021-08-27 08:50:41.553523216,43.84,1,7,1,43.84
NG-01209,Lucknow District Court,Property,2025-04-01,2025,,14.98,0,9,3,14.98
NG-01210,Jaipur District Court,Civil Dispute,2023-04-01,2023,,38.99,0,6,1,38.99
NG-01211,Jaipur District Court,Motor Accident,2023-04-01,2023,,38.99,0,9,3,38.99
NG-01212,Lucknow District Court,Motor Accident,2020-11-01,2020,2023-04-02 02:59:13.517616773,28.98,1,12,4,28.98
NG-01213,Lucknow District Court,Civil Dispute,2019-12-01,2019,2022-08-06 08:45:27.592545479,32.17,1,7,2,32.17
NG-01214,Jaipur District Court,Motor Accident,2024-09-01,2024,,21.94,0,4,2,21.94
NG-01215,Delhi District Court,Civil Dispute,2020-03-01,2020,2021-07-05 12:25:02.714303691,16.15,1,6,2,16.15
NG-01216,Lucknow District Court,Civil Dispute,2024-11-01,2024,,19.94,0,10,4,19.94
NG-01217,Delhi District Court,Property,2025-10-01,2025,,8.97,0,7,1,8.97
NG-01218,Jaipur District Court,Civil Dispute,2024-03-01,2024,,27.99,0,7,3,27.99
NG-01219,Lucknow District Court,Family,2024-02-01,2024,2026-01-24 15:29:43.614152327,23.77,1,3,2,23.77
NG-01220,Noida District Court,Property,2023-07-01,2023,2025-09-12 16:02:02.969930952,26.43,1,4,1,26.43
NG-01221,Noida District Court,Cheque Bounce,2024-04-01,2024,,26.97,0,3,6,26.97
NG-01222,Delhi District Court,Motor Accident,2018-02-01,2018,2019-12-16 03:57:06.234891137,22.44,1,5,1,22.44
NG-01223,Jaipur District Court,Cheque Bounce,2019-11-01,2019,2023-10-13 12:27:49.325900097,47.39,1,5,3,47.39
NG-01224,Noida District Court,Property,2023-12-01,2023,,30.98,0,6,2,30.98
NG-01225,Lucknow District Court,Property,2023-08-01,2023,2024-07-05 21:07:59.712250618,11.17,1,2,0,11.17
NG-01226,Jaipur District Court,Civil Dispute,2021-10-01,2021,2023-12-22 19:47:48.235245771,26.7,1,11,1,26.7
NG-01227,Delhi District Court,Civil Dispute,2025-03-01,2025,,16.0,0,2,5,16.0
NG-01228,Noida District Court,Civil Dispute,2023-11-01,2023,,31.96,0,7,1,31.96
NG-01229,Lucknow District Court,Cheque Bounce,2023-09-01,2023,,33.97,0,7,0,33.97
NG-01230,Jaipur District Court,Cheque Bounce,2024-06-01,2024,,24.97,0,7,0,24.97
NG-01231,Lucknow District Court,Property,2023-07-01,2023,,36.01,0,7,2,36.01
NG-01232,Delhi District Court,Motor Accident,2019-12-01,2019,2020-12-16 10:11:06.583721717,12.53,1,8,0,12.53
NG-01233,Delhi District Court,Civil Dispute,2019-06-01,2019,2022-01-23 23:12:54.287937748,31.8,1,8,1,31.8
NG-01234,Lucknow District Court,Civil Dispute,2018-04-01,2018,2022-08-04 05:08:52.501485485,52.11,1,6,1,52.11
NG-01235,Jaipur District Court,Property,2024-11-01,2024,,19.94,0,6,1,19.94
NG-01236,Jaipur District Court,Cheque Bounce,2021-02-01,2021,2022-01-19 05:45:37.554339568,11.57,1,5,1,11.57
NG-01237,Lucknow District Court,Motor Accident,2021-11-01,2021,2025-09-20 02:46:59.242140661,46.62,1,6,2,46.62
NG-01238,Jaipur District Court,Property,2019-08-01,2019,2021-08-01 16:56:23.380948273,24.04,1,5,4,24.04
NG-01239,Jaipur District Court,Civil Dispute,2020-06-01,2020,2022-08-12 00:23:55.103461149,26.35,1,8,5,26.35
NG-01240,Lucknow District Court,Motor Accident,2020-06-01,2020,2025-03-02 12:58:02.376648356,57.02,1,14,2,57.02
NG-01241,Jaipur District Court,Cheque Bounce,2025-04-01,2025,,14.98,0,12,1,14.98
NG-01242,Delhi District Court,Cheque Bounce,2022-08-01,2022,2026-04-28 07:56:11.195611753,44.89,1,3,1,44.89
NG-01243,Lucknow District Court,Cheque Bounce,2020-03-01,2020,2023-01-27 08:29:03.630482482,34.9,1,9,2,34.9
NG-01244,Jaipur District Court,Property,2025-03-01,2025,,16.0,0,6,1,16.0
NG-01245,Lucknow District Court,Cheque Bounce,2025-01-01,2025,,17.94,0,10,3,17.94
NG-01246,Lucknow District Court,Civil Dispute,2021-12-01,2021,2026-01-16 11:49:27.277505195,49.52,1,4,1,49.52
NG-01247,Lucknow District Court,Property,2024-02-01,2024,,28.94,0,5,5,28.94
NG-01248,Noida District Court,Cheque Bounce,2025-09-01,2025,,9.95,0,10,2,9.95
NG-01249,Jaipur District Court,Family,2021-10-01,2021,2024-07-13 23:21:08.930052976,33.41,1,6,4,33.41
NG-01250,Jaipur District Court,Property,2022-05-01,2022,,50.0,0,8,2,50.0
NG-01251,Lucknow District Court,Motor Accident,2025-03-01,2025,,16.0,0,4,2,16.0
NG-01252,Delhi District Court,Cheque Bounce,2023-09-01,2023,,33.97,0,6,2,33.97
NG-01253,Lucknow District Court,Cheque Bounce,2019-12-01,2019,2022-12-07 18:18:06.321544879,36.23,1,5,5,36.23
NG-01254,Jaipur District Court,Civil Dispute,2023-08-01,2023,2024-07-07 14:59:06.335032346,11.22,1,6,1,11.22
NG-01255,Jaipur District Court,Cheque Bounce,2023-09-01,2023,2025-12-14 10:53:26.320117516,27.45,1,9,3,27.45
NG-01256,Delhi District Court,Motor Accident,2024-04-01,2024,,26.97,0,6,4,26.97
NG-01257,Jaipur District Court,Civil Dispute,2020-04-01,2020,2022-06-24 07:40:20.783758408,26.75,1,4,6,26.75
NG-01258,Jaipur District Court,Cheque Bounce,2021-05-01,2021,2024-12-25 01:14:30.942308639,43.83,1,5,0,43.83
NG-01259,Lucknow District Court,Cheque Bounce,2020-10-01,2020,2025-11-13 19:48:41.986046191,61.43,1,5,6,61.43
NG-01260,Jaipur District Court,Civil Dispute,2021-11-01,2021,2023-08-04 10:20:43.281808673,21.07,1,6,2,21.07
NG-01261,Delhi District Court,Civil Dispute,2023-09-01,2023,2026-01-16 19:11:07.520372808,28.54,1,10,1,28.54
NG-01262,Jaipur District Court,Civil Dispute,2024-09-01,2024,,21.94,0,8,3,21.94
NG-01263,Delhi District Court,Cheque Bounce,2022-08-01,2022,2025-08-22 05:23:30.212997593,36.7,1,10,7,36.7
NG-01264,Jaipur District Court,Motor Accident,2023-08-01,2023,2025-04-02 23:49:57.865849008,20.07,1,9,2,20.07
NG-01265,Lucknow District Court,Civil Dispute,2018-11-01,2018,2025-01-25 04:35:28.223020259,74.81,1,3,2,74.81
NG-01266,Noida District Court,Family,2019-02-01,2019,2020-07-22 22:36:25.219880187,17.67,1,6,3,17.67
NG-01267,Delhi District Court,Civil Dispute,2019-03-01,2019,2023-01-05 23:10:35.951961233,46.22,1,5,5,46.22
NG-01268,Delhi District Court,Civil Dispute,2021-01-01,2021,2026-03-02 23:16:08.466714765,61.99,1,5,6,61.99
NG-01269,Jaipur District Court,Cheque Bounce,2019-09-01,2019,2023-06-23 03:53:52.587905161,45.7,1,8,5,45.7
NG-01270,Noida District Court,Family,2025-02-01,2025,,16.92,0,5,2,16.92
NG-01271,Lucknow District Court,Cheque Bounce,2025-04-01,2025,,14.98,0,8,0,14.98
NG-01272,Lucknow District Court,Motor Accident,2018-04-01,2018,2020-02-13 20:48:10.185632671,22.47,1,4,2,22.47
NG-01273,Noida District Court,Property,2021-04-01,2021,2024-05-08 10:17:11.523641357,37.23,1,10,4,37.23
NG-01274,Delhi District Court,Property,2018-10-01,2018,2025-04-17 17:21:42.434112654,78.54,1,4,2,78.54
NG-01275,Noida District Court,Cheque Bounce,2018-07-01,2018,2021-08-29 03:26:55.050734751,37.95,1,6,3,37.95
NG-01276,Noida District Court,Civil Dispute,2018-12-01,2018,2021-11-04 01:19:51.888945866,35.12,1,9,4,35.12
NG-01277,Delhi District Court,Civil Dispute,2024-06-01,2024,2026-05-29 14:29:00.460173379,23.9,1,7,4,23.9
NG-01278,Delhi District Court,Family,2024-11-01,2024,,19.94,0,10,1,19.94
NG-01279,Lucknow District Court,Family,2024-12-01,2024,,18.96,0,6,5,18.96
NG-01280,Lucknow District Court,Civil Dispute,2018-12-01,2018,2022-07-10 09:06:47.605101816,43.28,1,7,3,43.28
NG-01281,Noida District Court,Civil Dispute,2024-07-01,2024,,23.98,0,4,5,23.98
NG-01282,Delhi District Court,Civil Dispute,2025-10-01,2025,,8.97,0,4,2,8.97
NG-01283,Noida District Court,Civil Dispute,2022-11-01,2022,,43.96,0,2,2,43.96
NG-01284,Jaipur District Court,Property,2022-09-01,2022,,45.96,0,7,5,45.96
NG-01285,Lucknow District Court,Property,2019-03-01,2019,2022-02-23 21:37:41.374308432,35.84,1,7,2,35.84
NG-01286,Jaipur District Court,Civil Dispute,2018-02-01,2018,2021-04-07 07:40:07.125175536,38.15,1,5,0,38.15
NG-01287,Delhi District Court,Motor Accident,2022-10-01,2022,2025-01-21 18:50:40.077560685,27.72,1,7,4,27.72
NG-01288,Noida District Court,Property,2021-11-01,2021,,55.95,0,8,4,55.95
NG-01289,Jaipur District Court,Motor Accident,2023-07-01,2023,2024-10-17 01:27:44.130263722,15.57,1,6,2,15.57
NG-01290,Noida District Court,Property,2024-10-01,2024,2026-04-13 08:44:18.256850678,18.38,1,4,1,18.38
NG-01291,Lucknow District Court,Property,2022-12-01,2022,2026-02-08 03:27:31.037225232,38.28,1,6,6,38.28
NG-01292,Lucknow District Court,Cheque Bounce,2022-07-01,2022,2025-04-16 07:15:37.143648089,33.52,1,9,3,33.52
NG-01293,Lucknow District Court,Civil Dispute,2019-08-01,2019,2022-12-03 13:51:35.267358248,40.1,1,13,5,40.1
NG-01294,Lucknow District Court,Civil Dispute,2025-10-01,2025,,8.97,0,4,0,8.97
NG-01295,Delhi District Court,Civil Dispute,2021-07-01,2021,2024-01-06 11:45:39.072174091,30.21,1,11,2,30.21
NG-01296,Lucknow District Court,Cheque Bounce,2022-03-01,2022,2024-10-06 16:54:52.186210712,31.23,1,9,1,31.23
NG-01297,Lucknow District Court,Motor Accident,2018-07-01,2018,2020-11-28 10:20:53.993265840,28.96,1,3,5,28.96
NG-01298,Lucknow District Court,Family,2019-09-01,2019,2024-02-07 17:53:48.660271319,53.24,1,12,0,53.24
NG-01299,Noida District Court,Property,2019-04-01,2019,2021-10-03 11:06:03.235254635,30.11,1,8,3,30.11
NG-01300,Noida District Court,Motor Accident,2021-10-01,2021,2024-06-19 03:42:46.842545076,32.59,1,11,2,32.59
NG-01301,Jaipur District Court,Family,2018-09-01,2018,2020-05-29 20:05:50.530928046,20.92,1,8,2,20.92
NG-01302,Lucknow District Court,Motor Accident,2021-09-01,2021,2025-03-16 23:44:36.561263674,42.48,1,5,0,42.48
NG-01303,Noida District Court,Cheque Bounce,2018-06-01,2018,2019-09-06 07:13:41.287348931,15.19,1,2,3,15.19
NG-01304,Delhi District Court,Property,2019-05-01,2019,2020-08-25 19:27:58.349528922,15.86,1,7,3,15.86
NG-01305,Delhi District Court,Cheque Bounce,2022-10-01,2022,2024-08-02 21:41:51.196267466,22.07,1,6,2,22.07
NG-01306,Delhi District Court,Cheque Bounce,2019-10-01,2019,2021-07-17 13:39:08.339187435,21.54,1,3,4,21.54
NG-01307,Jaipur District Court,Civil Dispute,2019-07-01,2019,2022-10-27 02:05:22.805363924,39.88,1,3,4,39.88
NG-01308,Jaipur District Court,Family,2023-12-01,2023,,30.98,0,12,1,30.98
NG-01309,Noida District Court,Motor Accident,2025-02-01,2025,,16.92,0,7,1,16.92
NG-01310,Delhi District Court,Property,2025-06-01,2025,,12.98,0,8,6,12.98
NG-01311,Delhi District Court,Cheque Bounce,2023-03-01,2023,,40.01,0,6,4,40.01
NG-01312,Jaipur District Court,Family,2023-09-01,2023,2026-03-07 22:27:30.959236664,30.19,1,10,3,30.19
NG-01313,Jaipur District Court,Civil Dispute,2022-08-01,2022,2025-03-22 11:49:15.092214312,31.69,1,8,3,31.69
NG-01314,Jaipur District Court,Motor Accident,2021-03-01,2021,2022-05-03 04:55:15.120955470,14.07,1,7,2,14.07
NG-01315,Lucknow District Court,Family,2020-01-01,2020,2022-02-21 11:36:28.319945005,25.71,1,6,1,25.71
NG-01316,Delhi District Court,Cheque Bounce,2018-11-01,2018,2023-07-19 21:40:54.232886043,56.57,1,4,4,56.57
NG-01317,Delhi District Court,Property,2020-10-01,2020,2025-01-08 14:57:25.094435215,51.27,1,12,1,51.27
NG-01318,Noida District Court,Cheque Bounce,2023-12-01,2023,,30.98,0,6,2,30.98
NG-01319,Lucknow District Court,Cheque Bounce,2024-03-01,2024,2026-06-16 18:38:21.843105944,27.52,1,9,3,27.52
NG-01320,Noida District Court,Cheque Bounce,2021-12-01,2021,2024-05-12 23:12:46.149408342,29.37,1,7,1,29.37
NG-01321,Delhi District Court,Cheque Bounce,2024-07-01,2024,,23.98,0,6,1,23.98
NG-01322,Jaipur District Court,Cheque Bounce,2019-11-01,2019,2023-04-19 03:44:21.511149838,41.56,1,8,1,41.56
NG-01323,Delhi District Court,Family,2018-09-01,2018,2021-04-22 09:08:23.757106381,31.68,1,10,3,31.68
NG-01324,Delhi District Court,Cheque Bounce,2020-10-01,2020,2023-04-23 05:00:09.677465458,30.69,1,8,1,30.69
NG-01325,Delhi District Court,Family,2019-07-01,2019,2023-10-30 21:09:25.405484353,52.0,1,6,2,52.0
NG-01326,Lucknow District Court,Cheque Bounce,2024-04-01,2024,,26.97,0,7,2,26.97
NG-01327,Noida District Court,Property,2025-11-01,2025,,7.95,0,7,2,7.95
NG-01328,Noida District Court,Cheque Bounce,2020-03-01,2020,2022-01-23 18:37:58.755000132,22.79,1,10,1,22.79
NG-01329,Noida District Court,Property,2024-03-01,2024,,27.99,0,7,2,27.99
NG-01330,Noida District Court,Family,2020-05-01,2020,2021-11-30 14:08:20.361446151,19.01,1,5,4,19.01
NG-01331,Lucknow District Court,Motor Accident,2025-09-01,2025,,9.95,0,8,2,9.95
NG-01332,Lucknow District Court,Family,2024-07-01,2024,,23.98,0,12,6,23.98
NG-01333,Jaipur District Court,Property,2022-01-01,2022,2023-12-15 21:20:53.254176555,23.45,1,3,1,23.45
NG-01334,Jaipur District Court,Family,2019-08-01,2019,2021-08-26 11:23:24.307397347,24.85,1,10,3,24.85
NG-01335,Jaipur District Court,Cheque Bounce,2022-10-01,2022,2026-03-26 01:55:05.660524286,41.79,1,8,1,41.79
NG-01336,Delhi District Court,Civil Dispute,2021-11-01,2021,2024-08-01 06:16:26.036716661,32.99,1,5,0,32.99
NG-01337,Lucknow District Court,Civil Dispute,2021-12-01,2021,2023-08-03 06:35:04.167004827,20.05,1,14,1,20.05
NG-01338,Lucknow District Court,Family,2019-11-01,2019,2021-11-13 13:35:05.959589763,24.43,1,5,2,24.43
NG-01339,Delhi District Court,Family,2024-03-01,2024,,27.99,0,5,7,27.99
NG-01340,Lucknow District Court,Civil Dispute,2022-12-01,2022,2024-07-21 07:12:38.656936791,19.66,1,6,4,19.66
NG-01341,Noida District Court,Cheque Bounce,2025-12-01,2025,,6.96,0,9,3,6.96
NG-01342,Jaipur District Court,Civil Dispute,2024-09-01,2024,,21.94,0,7,6,21.94
NG-01343,Lucknow District Court,Family,2024-02-01,2024,,28.94,0,15,2,28.94
NG-01344,Noida District Court,Family,2018-04-01,2018,2021-05-28 15:11:54.190353707,37.9,1,2,0,37.9
NG-01345,Delhi District Court,Property,2021-07-01,2021,,59.99,0,6,3,59.99
NG-01346,Delhi District Court,Family,2024-08-01,2024,,22.96,0,11,1,22.96
NG-01347,Delhi District Court,Civil Dispute,2025-04-01,2025,,14.98,0,7,3,14.98
NG-01348,Delhi District Court,Motor Accident,2025-05-01,2025,,13.99,0,9,2,13.99
NG-01349,Jaipur District Court,Civil Dispute,2018-02-01,2018,2019-10-14 12:15:11.785598697,20.38,1,7,2,20.38
NG-01350,Jaipur District Court,Family,2020-08-01,2020,2024-06-01 22:21:46.170740655,46.02,1,7,2,46.02
NG-01351,Jaipur District Court,Civil Dispute,2018-06-01,2018,2019-12-23 03:59:34.089170568,18.73,1,6,5,18.73
NG-01352,Lucknow District Court,Cheque Bounce,2023-07-01,2023,2024-06-17 00:38:16.419783310,11.56,1,6,3,11.56
NG-01353,Jaipur District Court,Motor Accident,2020-03-01,2020,2022-03-08 14:43:43.989251995,24.23,1,11,2,24.23
NG-01354,Noida District Court,Cheque Bounce,2018-10-01,2018,2021-11-12 15:30:55.506521839,37.41,1,8,4,37.41
NG-01355,Delhi District Court,Property,2021-06-01,2021,,60.97,0,4,7,60.97
NG-01356,Lucknow District Court,Cheque Bounce,2022-02-01,2022,2024-01-10 08:57:38.343943488,23.27,1,4,6,23.27
NG-01357,Lucknow District Court,Cheque Bounce,2025-02-01,2025,,16.92,0,8,3,16.92
NG-01358,Jaipur District Court,Motor Accident,2021-05-01,2021,2024-03-06 11:20:36.188709653,34.18,1,4,3,34.18
NG-01359,Jaipur District Court,Family,2024-11-01,2024,,19.94,0,10,2,19.94
NG-01360,Lucknow District Court,Family,2021-02-01,2021,2023-03-05 00:53:07.701382631,25.03,1,7,4,25.03
NG-01361,Delhi District Court,Cheque Bounce,2025-05-01,2025,,13.99,0,4,0,13.99
NG-01362,Jaipur District Court,Cheque Bounce,2018-12-01,2018,2021-05-17 10:28:42.527832562,29.52,1,14,1,29.52
NG-01363,Lucknow District Court,Cheque Bounce,2023-07-01,2023,2026-03-08 01:02:36.446692845,32.23,1,9,2,32.23
NG-01364,Noida District Court,Property,2018-10-01,2018,2022-01-15 21:31:54.495101559,39.52,1,10,3,39.52
NG-01365,Jaipur District Court,Motor Accident,2021-03-01,2021,2026-04-10 16:49:37.381811200,61.32,1,9,3,61.32
NG-01366,Delhi District Court,Civil Dispute,2019-08-01,2019,2020-06-10 16:27:05.531603273,10.34,1,5,0,10.34
NG-01367,Delhi District Court,Motor Accident,2020-10-01,2020,2023-05-18 00:13:42.621980554,31.5,1,5,2,31.5
NG-01368,Noida District Court,Family,2021-03-01,2021,2022-04-23 07:34:37.022799653,13.74,1,3,0,13.74
NG-01369,Noida District Court,Civil Dispute,2022-09-01,2022,,45.96,0,9,1,45.96
NG-01370,Jaipur District Court,Cheque Bounce,2021-09-01,2021,2023-04-17 18:35:19.805240192,19.51,1,3,2,19.51
NG-01371,Jaipur District Court,Civil Dispute,2019-01-01,2019,2019-10-22 13:05:30.800219665,9.68,1,5,0,9.68
NG-01372,Delhi District Court,Civil Dispute,2022-12-01,2022,2023-12-20 06:13:30.178503592,12.62,1,3,1,12.62
NG-01373,Jaipur District Court,Family,2018-05-01,2018,2021-02-01 21:12:10.786899813,33.11,1,8,0,33.11
NG-01374,Delhi District Court,Family,2025-12-01,2025,,6.96,0,8,3,6.96
NG-01375,Delhi District Court,Property,2025-09-01,2025,,9.95,0,10,4,9.95
NG-01376,Delhi District Court,Motor Accident,2021-01-01,2021,2024-04-04 04:07:19.217651027,39.07,1,9,5,39.07
NG-01377,Lucknow District Court,Civil Dispute,2023-06-01,2023,,36.99,0,6,7,36.99
NG-01378,Lucknow District Court,Civil Dispute,2024-04-01,2024,,26.97,0,9,4,26.97
NG-01379,Lucknow District Court,Family,2019-12-01,2019,2023-05-24 16:28:57.805106845,41.74,1,5,2,41.74
NG-01380,Jaipur District Court,Motor Accident,2021-07-01,2021,2023-11-04 19:47:16.910500122,28.15,1,6,4,28.15
NG-01381,Lucknow District Court,Cheque Bounce,2019-08-01,2019,2022-07-19 03:26:05.261449793,35.58,1,8,1,35.58
NG-01382,Lucknow District Court,Motor Accident,2024-11-01,2024,,19.94,0,4,1,19.94
NG-01383,Noida District Court,Cheque Bounce,2022-05-01,2022,2023-08-17 06:36:33.368709205,15.55,1,9,0,15.55
NG-01384,Jaipur District Court,Cheque Bounce,2025-03-01,2025,,16.0,0,7,2,16.0
NG-01385,Delhi District Court,Cheque Bounce,2018-03-01,2018,2021-02-07 02:55:07.987266456,35.29,1,7,1,35.29
NG-01386,Delhi District Court,Family,2024-01-01,2024,2026-06-09 21:17:53.590532605,29.27,1,8,2,29.27
NG-01387,Noida District Court,Civil Dispute,2018-05-01,2018,2021-04-01 15:57:54.529707830,35.04,1,5,4,35.04
NG-01388,Noida District Court,Cheque Bounce,2022-06-01,2022,2024-04-26 15:22:26.218490773,22.85,1,5,5,22.85
NG-01389,Lucknow District Court,Property,2024-06-01,2024,,24.97,0,6,4,24.97
NG-01390,Noida District Court,Civil Dispute,2020-03-01,2020,2023-05-27 05:06:20.909566488,38.84,1,9,3,38.84
NG-01391,Noida District Court,Family,2018-07-01,2018,2020-03-21 05:12:45.006584181,20.67,1,8,1,20.67
NG-01392,Delhi District Court,Cheque Bounce,2018-12-01,2018,2020-10-02 19:52:43.427238974,22.07,1,13,1,22.07
NG-01393,Delhi District Court,Civil Dispute,2023-06-01,2023,2024-09-29 02:59:06.990285557,15.97,1,7,1,15.97
NG-01394,Jaipur District Court,Motor Accident,2024-09-01,2024,,21.94,0,10,4,21.94
NG-01395,Delhi District Court,Civil Dispute,2020-05-01,2020,2023-11-06 08:17:20.957977075,42.19,1,6,4,42.19
NG-01396,Delhi District Court,Civil Dispute,2021-09-01,2021,2023-04-06 02:22:42.777817795,19.12,1,6,2,19.12
NG-01397,Jaipur District Court,Family,2023-03-01,2023,2024-10-03 21:45:16.530540894,19.15,1,10,4,19.15
NG-01398,Jaipur District Court,Cheque Bounce,2020-01-01,2020,2023-08-13 01:16:27.491085488,43.37,1,9,5,43.37
NG-01399,Lucknow District Court,Cheque Bounce,2019-11-01,2019,2025-08-29 22:28:07.925320608,69.94,1,6,2,69.94
NG-01400,Noida District Court,Cheque Bounce,2019-06-01,2019,2022-11-03 15:28:17.677966915,41.12,1,4,5,41.12
NG-01401,Lucknow District Court,Cheque Bounce,2018-04-01,2018,2021-02-13 18:13:26.240036306,34.49,1,5,3,34.49
NG-01402,Jaipur District Court,Property,2019-11-01,2019,2021-11-09 03:53:50.974064142,24.28,1,7,6,24.28
NG-01403,Lucknow District Court,Cheque Bounce,2019-09-01,2019,2023-04-12 11:15:28.949266788,43.35,1,12,2,43.35
NG-01404,Jaipur District Court,Property,2022-03-01,2022,2024-11-11 07:46:45.181332022,32.4,1,9,3,32.4
NG-01405,Jaipur District Court,Family,2020-06-01,2020,2023-08-17 02:52:19.751790069,38.51,1,4,6,38.51
NG-01406,Jaipur District Court,Motor Accident,2024-05-01,2024,,25.99,0,6,3,25.99
NG-01407,Jaipur District Court,Civil Dispute,2019-12-01,2019,2021-01-15 19:25:04.427506934,13.53,1,4,0,13.53
NG-01408,Lucknow District Court,Family,2024-01-01,2024,2026-05-18 22:20:58.012526742,28.55,1,7,2,28.55
NG-01409,Noida District Court,Property,2022-09-01,2022,2024-04-21 14:07:47.206772927,19.66,1,8,1,19.66
NG-01410,Lucknow District Court,Family,2020-09-01,2020,2022-09-02 10:55:54.884371874,24.03,1,4,0,24.03
NG-01411,Lucknow District Court,Cheque Bounce,2020-06-01,2020,2021-12-28 14:52:14.370118705,18.91,1,7,1,18.91
NG-01412,Noida District Court,Family,2019-11-01,2019,2022-03-21 19:25:42.186340280,28.64,1,8,4,28.64
NG-01413,Noida District Court,Property,2020-12-01,2020,2024-06-24 13:12:43.416558290,42.76,1,9,2,42.76
NG-01414,Lucknow District Court,Civil Dispute,2024-05-01,2024,,25.99,0,9,3,25.99
NG-01415,Noida District Court,Family,2018-07-01,2018,2020-10-02 06:34:21.470329505,27.08,1,5,3,27.08
NG-01416,Noida District Court,Cheque Bounce,2021-04-01,2021,2022-11-16 18:21:54.202129125,19.54,1,8,3,19.54
NG-01417,Jaipur District Court,Cheque Bounce,2022-05-01,2022,2024-07-10 19:41:02.622658876,26.34,1,7,1,26.34
NG-01418,Lucknow District Court,Property,2025-06-01,2025,,12.98,0,11,2,12.98
NG-01419,Jaipur District Court,Family,2021-02-01,2021,2023-01-27 13:44:05.291079293,23.84,1,9,1,23.84
NG-01420,Lucknow District Court,Family,2019-08-01,2019,2021-01-13 14:16:18.005877776,17.46,1,3,1,17.46
NG-01421,Noida District Court,Civil Dispute,2020-03-01,2020,2021-08-11 02:03:42.032049865,17.35,1,6,3,17.35
NG-01422,Jaipur District Court,Civil Dispute,2025-12-01,2025,,6.96,0,12,3,6.96
NG-01423,Noida District Court,Civil Dispute,2025-04-01,2025,,14.98,0,3,2,14.98
NG-01424,Jaipur District Court,Cheque Bounce,2018-01-01,2018,2020-09-05 20:40:09.859422469,32.16,1,12,2,32.16
NG-01425,Jaipur District Court,Family,2024-08-01,2024,,22.96,0,9,6,22.96
NG-01426,Noida District Court,Civil Dispute,2018-06-01,2018,2019-12-22 05:41:40.389404020,18.7,1,5,0,18.7
NG-01427,Noida District Court,Cheque Bounce,2022-05-01,2022,,50.0,0,5,1,50.0
NG-01428,Jaipur District Court,Family,2018-06-01,2018,2020-12-07 16:18:21.815062848,30.25,1,7,2,30.25
NG-01429,Lucknow District Court,Cheque Bounce,2018-11-01,2018,2020-12-23 09:33:43.841671902,25.74,1,7,1,25.74
NG-01430,Lucknow District Court,Property,2022-06-01,2022,2024-05-15 10:52:46.684955786,23.47,1,4,0,23.47
NG-01431,Noida District Court,Family,2022-07-01,2022,2025-02-06 23:13:38.852014961,31.27,1,14,0,31.27
NG-01432,Noida District Court,Civil Dispute,2022-07-01,2022,2025-07-06 03:20:14.175076015,36.17,1,4,2,36.17
NG-01433,Jaipur District Court,Civil Dispute,2019-08-01,2019,2020-10-09 20:56:16.168910323,14.32,1,7,1,14.32
NG-01434,Delhi District Court,Cheque Bounce,2022-10-01,2022,2025-08-25 15:10:28.577214370,34.81,1,3,4,34.81
NG-01435,Jaipur District Court,Motor Accident,2018-08-01,2018,2020-07-29 18:10:22.545171906,23.94,1,4,3,23.94
NG-01436,Lucknow District Court,Property,2019-04-01,2019,2023-09-09 19:58:01.336888968,53.31,1,9,3,53.31
NG-01437,Jaipur District Court,Property,2025-08-01,2025,,10.97,0,8,5,10.97
NG-01438,Delhi District Court,Civil Dispute,2020-06-01,2020,2023-02-28 01:44:39.587334048,32.92,1,9,0,32.92
NG-01439,Noida District Court,Civil Dispute,2025-11-01,2025,,7.95,0,9,0,7.95
NG-01440,Noida District Court,Family,2022-10-01,2022,2025-03-23 12:19:25.652646091,29.71,1,5,4,29.71
NG-01441,Noida District Court,Family,2024-04-01,2024,2025-06-09 07:26:03.115828302,14.27,1,3,0,14.27
NG-01442,Delhi District Court,Family,2024-04-01,2024,,26.97,0,5,2,26.97
NG-01443,Jaipur District Court,Civil Dispute,2019-12-01,2019,2023-07-11 04:13:41.892716449,43.3,1,9,1,43.3
NG-01444,Noida District Court,Motor Accident,2019-02-01,2019,2021-05-22 17:31:01.197099698,27.65,1,10,2,27.65
NG-01445,Jaipur District Court,Property,2021-03-01,2021,2023-10-03 22:41:21.267204230,31.11,1,3,4,31.11
NG-01446,Noida District Court,Cheque Bounce,2021-05-01,2021,2023-06-29 00:39:06.617295342,25.92,1,8,4,25.92
NG-01447,Lucknow District Court,Cheque Bounce,2020-10-01,2020,2022-06-08 10:41:16.920690204,20.22,1,7,5,20.22
NG-01448,Noida District Court,Civil Dispute,2019-06-01,2019,2022-08-11 03:27:24.380578514,38.34,1,9,1,38.34
NG-01449,Jaipur District Court,Cheque Bounce,2019-08-01,2019,2021-11-08 18:13:24.820039493,27.29,1,10,5,27.29
NG-01450,Jaipur District Court,Motor Accident,2022-01-01,2022,2024-02-06 15:42:19.115782637,25.19,1,10,1,25.19
NG-01451,Lucknow District Court,Motor Accident,2021-12-01,2021,2025-02-27 10:12:08.523868308,38.91,1,12,1,38.91
NG-01452,Delhi District Court,Cheque Bounce,2022-01-01,2022,,53.94,0,7,4,53.94
NG-01453,Lucknow District Court,Property,2024-03-01,2024,2026-05-20 20:32:05.824740598,26.64,1,8,1,26.64
NG-01454,Jaipur District Court,Cheque Bounce,2018-01-01,2018,2019-04-21 03:11:24.374286418,15.61,1,7,4,15.61
NG-01455,Noida District Court,Motor Accident,2024-09-01,2024,,21.94,0,3,3,21.94
NG-01456,Jaipur District Court,Cheque Bounce,2018-03-01,2018,2021-04-23 08:27:59.382026205,37.76,1,2,3,37.76
NG-01457,Noida District Court,Motor Accident,2024-09-01,2024,2025-11-14 11:42:07.089998333,14.44,1,6,3,14.44
NG-01458,Jaipur District Court,Civil Dispute,2025-09-01,2025,,9.95,0,5,3,9.95
NG-01459,Lucknow District Court,Cheque Bounce,2024-06-01,2024,,24.97,0,7,4,24.97
NG-01460,Noida District Court,Motor Accident,2024-07-01,2024,,23.98,0,6,1,23.98
NG-01461,Jaipur District Court,Motor Accident,2022-01-01,2022,2024-09-03 22:49:01.896347389,32.09,1,3,1,32.09
NG-01462,Delhi District Court,Family,2025-02-01,2025,,16.92,0,5,2,16.92
NG-01463,Lucknow District Court,Property,2021-12-01,2021,2024-06-17 04:44:36.599482582,30.53,1,4,3,30.53
NG-01464,Jaipur District Court,Motor Accident,2025-04-01,2025,,14.98,0,11,1,14.98
NG-01465,Delhi District Court,Cheque Bounce,2024-02-01,2024,2025-08-03 00:33:39.789857217,18.04,1,7,2,18.04
NG-01466,Lucknow District Court,Cheque Bounce,2021-03-01,2021,,63.99,0,5,4,63.99
NG-01467,Delhi District Court,Family,2025-09-01,2025,,9.95,0,2,1,9.95
NG-01468,Noida District Court,Property,2019-07-01,2019,2022-03-31 22:15:21.971405802,33.01,1,13,0,33.01
NG-01469,Jaipur District Court,Motor Accident,2023-01-01,2023,2024-12-12 05:09:50.333737458,23.36,1,10,4,23.36
NG-01470,Noida District Court,Civil Dispute,2019-10-01,2019,2025-12-22 11:42:27.931093332,74.72,1,3,0,74.72
NG-01471,Noida District Court,Motor Accident,2019-09-01,2019,2021-09-04 20:30:02.718863369,24.14,1,6,1,24.14
NG-01472,Lucknow District Court,Civil Dispute,2019-01-01,2019,2020-11-23 01:59:38.658570979,22.74,1,7,3,22.74
NG-01473,Noida District Court,Motor Accident,2021-04-01,2021,2024-01-25 14:16:58.687447514,33.82,1,7,6,33.82
NG-01474,Jaipur District Court,Family,2020-03-01,2020,2023-08-07 07:17:49.918049908,41.21,1,5,0,41.21
NG-01475,Delhi District Court,Family,2021-08-01,2021,2022-09-25 04:58:39.993012019,13.8,1,7,2,13.8
NG-01476,Lucknow District Court,Motor Accident,2024-03-01,2024,,27.99,0,4,1,27.99
NG-01477,Jaipur District Court,Property,2021-05-01,2021,2022-11-03 01:12:23.445876150,18.1,1,8,1,18.1
NG-01478,Lucknow District Court,Property,2025-09-01,2025,,9.95,0,5,3,9.95
NG-01479,Jaipur District Court,Property,2025-07-01,2025,,11.99,0,9,2,11.99
NG-01480,Noida District Court,Cheque Bounce,2024-02-01,2024,2026-05-05 04:25:39.199468762,27.08,1,8,3,27.08
NG-01481,Delhi District Court,Motor Accident,2022-05-01,2022,2025-04-15 05:34:36.513153082,35.49,1,3,1,35.49
NG-01482,Delhi District Court,Civil Dispute,2024-09-01,2024,,21.94,0,6,1,21.94
NG-01483,Delhi District Court,Civil Dispute,2018-01-01,2018,2025-04-30 09:25:46.172530767,87.92,1,8,4,87.92
NG-01484,Jaipur District Court,Civil Dispute,2023-04-01,2023,2025-04-22 16:24:05.246992120,24.73,1,5,0,24.73
NG-01485,Jaipur District Court,Cheque Bounce,2023-04-01,2023,2024-09-18 15:58:43.761073653,17.63,1,8,0,17.63
NG-01486,Noida District Court,Property,2022-01-01,2022,2026-01-17 12:51:29.791594275,48.54,1,7,3,48.54
NG-01487,Noida District Court,Motor Accident,2018-01-01,2018,2019-04-02 06:11:09.147068304,14.99,1,4,3,14.99
NG-01488,Delhi District Court,Civil Dispute,2018-01-01,2018,2022-04-14 03:32:57.880621032,51.38,1,6,2,51.38
NG-01489,Delhi District Court,Family,2021-01-01,2021,2023-03-08 19:46:30.220803016,26.18,1,2,2,26.18
NG-01490,Jaipur District Court,Civil Dispute,2023-04-01,2023,2026-01-10 01:50:20.752569274,33.35,1,1,2,33.35
NG-01491,Jaipur District Court,Family,2021-09-01,2021,,57.95,0,7,3,57.95
NG-01492,Lucknow District Court,Civil Dispute,2021-11-01,2021,2024-06-17 09:15:17.383165136,31.52,1,8,3,31.52
NG-01493,Delhi District Court,Civil Dispute,2019-10-01,2019,2022-07-20 23:15:53.310114783,33.64,1,6,1,33.64
NG-01494,Noida District Court,Cheque Bounce,2024-10-01,2024,2026-05-22 21:33:22.555754547,19.67,1,11,1,19.67
NG-01495,Noida District Court,Civil Dispute,2021-03-01,2021,2025-08-31 11:35:16.948545322,54.02,1,13,2,54.02
NG-01496,Jaipur District Court,Cheque Bounce,2019-03-01,2019,2022-11-06 20:33:20.322456007,44.25,1,3,1,44.25
NG-01497,Lucknow District Court,Civil Dispute,2020-05-01,2020,2021-12-23 16:21:19.592356420,19.77,1,10,2,19.77
NG-01498,Jaipur District Court,Motor Accident,2022-02-01,2022,,52.92,0,8,2,52.92
NG-01499,Noida District Court,Property,2023-06-01,2023,,36.99,0,9,1,36.99
NG-01500,Lucknow District Court,Motor Accident,2023-04-01,2023,,38.99,0,10,3,38.99
NG-01501,Delhi District Court,Property,2020-08-01,2020,2025-08-01 11:32:22.643312490,60.0,1,7,3,60.0
NG-01502,Noida District Court,Cheque Bounce,2021-12-01,2021,2023-03-13 14:06:18.949367430,15.36,1,4,3,15.36
NG-01503,Noida District Court,Cheque Bounce,2018-07-01,2018,2020-09-25 18:52:22.742221892,26.87,1,4,3,26.87
NG-01504,Noida District Court,Property,2023-06-01,2023,2025-04-21 22:14:18.782948313,22.7,1,6,4,22.7
NG-01505,Delhi District Court,Family,2020-07-01,2020,2022-08-01 20:01:30.179120462,25.03,1,9,3,25.03
NG-01506,Delhi District Court,Property,2020-03-01,2020,2023-06-28 05:31:57.919478715,39.89,1,4,2,39.89
NG-01507,Lucknow District Court,Civil Dispute,2023-03-01,2023,,40.01,0,5,1,40.01
NG-01508,Lucknow District Court,Motor Accident,2024-01-01,2024,2026-05-16 16:38:24.909233870,28.47,1,5,5,28.47
NG-01509,Jaipur District Court,Property,2020-04-01,2020,2022-10-04 21:29:31.033699846,30.12,1,6,3,30.12
NG-01510,Delhi District Court,Cheque Bounce,2020-04-01,2020,2022-06-05 05:59:54.380193673,26.13,1,8,1,26.13
NG-01511,Delhi District Court,Motor Accident,2023-05-01,2023,2025-01-11 16:06:30.665036787,20.42,1,7,3,20.42
NG-01512,Jaipur District Court,Civil Dispute,2023-09-01,2023,2026-06-13 16:49:57.895912413,33.4,1,5,1,33.4
NG-01513,Jaipur District Court,Family,2021-07-01,2021,2023-08-28 08:12:30.789493531,25.9,1,6,2,25.9
NG-01514,Delhi District Court,Family,2022-10-01,2022,2024-07-22 22:05:35.815042806,21.71,1,7,3,21.71
NG-01515,Delhi District Court,Family,2025-01-01,2025,,17.94,0,4,4,17.94
NG-01516,Noida District Court,Property,2019-06-01,2019,2023-01-06 12:48:02.481395607,43.22,1,5,5,43.22
NG-01517,Jaipur District Court,Property,2021-10-01,2021,2025-01-04 17:29:50.554264663,39.15,1,8,1,39.15
NG-01518,Lucknow District Court,Cheque Bounce,2021-05-01,2021,2024-12-20 17:34:21.942871579,43.68,1,6,3,43.68
NG-01519,Delhi District Court,Family,2023-02-01,2023,2025-02-23 11:50:00.379094821,24.75,1,2,1,24.75
NG-01520,Delhi District Court,Property,2023-09-01,2023,2026-03-14 00:04:00.967461487,30.39,1,9,2,30.39
NG-01521,Lucknow District Court,Motor Accident,2019-07-01,2019,2022-10-29 05:50:11.053529684,39.96,1,7,4,39.96
NG-01522,Noida District Court,Cheque Bounce,2023-06-01,2023,2026-05-22 08:46:03.305595227,35.69,1,9,3,35.69
NG-01523,Noida District Court,Cheque Bounce,2024-06-01,2024,,24.97,0,5,2,24.97
NG-01524,Noida District Court,Cheque Bounce,2018-09-01,2018,2021-02-24 13:53:10.160606293,29.82,1,5,2,29.82
NG-01525,Noida District Court,Civil Dispute,2018-08-01,2018,2020-11-13 15:46:28.959075094,27.45,1,5,3,27.45
NG-01526,Delhi District Court,Civil Dispute,2019-01-01,2019,2024-11-03 21:25:17.747176730,70.1,1,10,5,70.1
NG-01527,Lucknow District Court,Cheque Bounce,2023-07-01,2023,,36.01,0,6,2,36.01
NG-01528,Noida District Court,Civil Dispute,2025-03-01,2025,,16.0,0,11,7,16.0
NG-01529,Delhi District Court,Property,2018-10-01,2018,2021-06-27 19:09:14.284880568,32.88,1,12,3,32.88
NG-01530,Delhi District Court,Motor Accident,2025-07-01,2025,,11.99,0,5,3,11.99
NG-01531,Noida District Court,Property,2023-07-01,2023,,36.01,0,14,3,36.01
NG-01532,Lucknow District Court,Family,2022-06-01,2022,2024-04-22 16:42:00.662384931,22.72,1,9,2,22.72
NG-01533,Delhi District Court,Civil Dispute,2021-07-01,2021,2022-12-21 17:14:44.989703427,17.7,1,6,0,17.7
NG-01534,Noida District Court,Motor Accident,2025-10-01,2025,,8.97,0,5,3,8.97
NG-01535,Noida District Court,Family,2019-08-01,2019,2021-01-15 16:34:37.823411161,17.53,1,4,2,17.53
NG-01536,Jaipur District Court,Cheque Bounce,2022-09-01,2022,2026-06-30 19:07:09.222081191,45.95,1,5,2,45.95
NG-01537,Jaipur District Court,Family,2024-10-01,2024,,20.96,0,7,2,20.96
NG-01538,Jaipur District Court,Cheque Bounce,2018-10-01,2018,2019-08-27 21:12:46.434238188,10.87,1,6,2,10.87
NG-01539,Lucknow District Court,Cheque Bounce,2018-07-01,2018,2020-10-21 19:07:04.801188411,27.72,1,7,0,27.72
NG-01540,Jaipur District Court,Motor Accident,2021-05-01,2021,2022-09-05 03:48:18.326982556,16.17,1,11,1,16.17
NG-01541,Delhi District Court,Family,2025-04-01,2025,,14.98,0,5,0,14.98
NG-01542,Noida District Court,Property,2019-02-01,2019,2023-09-19 10:50:46.985401763,55.57,1,7,3,55.57
NG-01543,Delhi District Court,Property,2021-02-01,2021,,64.91,0,6,4,64.91
NG-01544,Lucknow District Court,Civil Dispute,2025-03-01,2025,,16.0,0,6,7,16.0
NG-01545,Jaipur District Court,Cheque Bounce,2023-02-01,2023,2025-10-09 14:25:56.870707837,32.25,1,9,3,32.25
NG-01546,Delhi District Court,Civil Dispute,2025-07-01,2025,,11.99,0,5,2,11.99
NG-01547,Noida District Court,Cheque Bounce,2023-08-01,2023,2025-11-23 17:11:00.479592245,27.78,1,6,2,27.78
NG-01548,Delhi District Court,Property,2022-01-01,2022,2024-01-05 20:03:13.721613894,24.14,1,3,2,24.14
NG-01549,Delhi District Court,Property,2020-11-01,2020,2023-11-19 10:47:54.532973783,36.58,1,8,6,36.58
NG-01550,Delhi District Court,Civil Dispute,2020-05-01,2020,2021-11-08 01:50:45.157575721,18.27,1,2,3,18.27
NG-01551,Lucknow District Court,Motor Accident,2019-08-01,2019,2021-07-27 06:50:14.683822998,23.86,1,4,4,23.86
NG-01552,Noida District Court,Cheque Bounce,2018-04-01,2018,2021-10-02 17:08:35.993126451,42.07,1,6,1,42.07
NG-01553,Jaipur District Court,Civil Dispute,2019-09-01,2019,2023-12-10 03:03:44.486537935,51.29,1,8,1,51.29
NG-01554,Noida District Court,Motor Accident,2019-09-01,2019,2022-02-26 13:52:30.460188872,29.88,1,9,1,29.88
NG-01555,Noida District Court,Family,2023-07-01,2023,,36.01,0,11,3,36.01
NG-01556,Noida District Court,Family,2018-11-01,2018,2021-02-20 23:43:28.655519476,27.69,1,6,0,27.69
NG-01557,Delhi District Court,Motor Accident,2019-01-01,2019,2022-12-15 04:47:33.766412167,47.44,1,5,3,47.44
NG-01558,Noida District Court,Cheque Bounce,2019-01-01,2019,2022-09-14 14:16:07.691861766,44.43,1,5,1,44.43
NG-01559,Delhi District Court,Cheque Bounce,2021-08-01,2021,2023-04-01 06:13:15.609805757,19.98,1,9,1,19.98
NG-01560,Lucknow District Court,Motor Accident,2023-02-01,2023,2024-08-25 09:46:45.328966489,18.77,1,8,0,18.77
NG-01561,Lucknow District Court,Property,2023-09-01,2023,,33.97,0,6,4,33.97
NG-01562,Jaipur District Court,Family,2020-05-01,2020,2022-01-23 09:53:46.287131196,20.78,1,8,3,20.78
NG-01563,Lucknow District Court,Property,2021-12-01,2021,2024-03-23 23:40:07.270513014,27.73,1,11,2,27.73
NG-01564,Delhi District Court,Family,2019-02-01,2019,2021-12-07 11:12:37.284663133,34.18,1,11,1,34.18
NG-01565,Delhi District Court,Family,2018-11-01,2018,2020-06-18 14:23:40.503448417,19.57,1,2,1,19.57
NG-01566,Noida District Court,Cheque Bounce,2025-12-01,2025,,6.96,0,7,0,6.96
NG-01567,Noida District Court,Cheque Bounce,2024-08-01,2024,,22.96,0,7,2,22.96
NG-01568,Delhi District Court,Property,2022-05-01,2022,,50.0,0,6,4,50.0
NG-01569,Noida District Court,Property,2020-06-01,2020,2023-07-24 13:10:45.039013475,37.73,1,9,1,37.73
NG-01570,Delhi District Court,Motor Accident,2021-12-01,2021,2025-02-05 06:20:12.442695613,38.18,1,8,2,38.18
NG-01571,Lucknow District Court,Motor Accident,2025-07-01,2025,,11.99,0,5,4,11.99
NG-01572,Lucknow District Court,Family,2024-10-01,2024,2025-11-12 07:54:15.741837789,13.38,1,9,1,13.38
NG-01573,Lucknow District Court,Cheque Bounce,2023-01-01,2023,2026-02-07 03:02:56.017708186,37.22,1,6,4,37.22
NG-01574,Delhi District Court,Civil Dispute,2023-06-01,2023,2024-07-02 14:41:36.836433144,13.06,1,4,2,13.06
NG-01575,Lucknow District Court,Motor Accident,2020-06-01,2020,2024-08-17 11:59:42.217665578,50.54,1,5,3,50.54
NG-01576,Lucknow District Court,Cheque Bounce,2023-02-01,2023,2025-03-19 22:44:08.934919261,25.56,1,9,2,25.56
NG-01577,Delhi District Court,Property,2018-02-01,2018,2020-05-27 23:26:08.229665094,27.82,1,5,5,27.82
NG-01578,Jaipur District Court,Property,2024-07-01,2024,,23.98,0,8,1,23.98
NG-01579,Jaipur District Court,Cheque Bounce,2025-09-01,2025,,9.95,0,6,0,9.95
NG-01580,Lucknow District Court,Cheque Bounce,2019-02-01,2019,2023-11-04 23:27:15.245106566,57.1,1,12,7,57.1
NG-01581,Jaipur District Court,Family,2022-01-01,2022,2025-06-20 08:00:24.086032807,41.6,1,8,0,41.6
NG-01582,Lucknow District Court,Property,2020-07-01,2020,2023-08-02 13:47:24.150942006,37.04,1,9,1,37.04
NG-01583,Delhi District Court,Cheque Bounce,2019-07-01,2019,2022-09-02 14:44:35.671960976,38.1,1,7,2,38.1
NG-01584,Lucknow District Court,Motor Accident,2020-06-01,2020,2022-06-30 02:59:54.986059314,24.94,1,8,2,24.94
NG-01585,Lucknow District Court,Motor Accident,2021-08-01,2021,2023-05-14 21:43:59.655518374,21.42,1,8,2,21.42
NG-01586,Delhi District Court,Property,2020-12-01,2020,2026-01-12 06:24:03.239927271,61.38,1,5,1,61.38
NG-01587,Delhi District Court,Civil Dispute,2025-02-01,2025,,16.92,0,6,5,16.92
NG-01588,Delhi District Court,Property,2021-05-01,2021,2024-12-21 08:39:45.749469628,43.7,1,13,7,43.7
NG-01589,Lucknow District Court,Property,2023-07-01,2023,,36.01,0,4,2,36.01
NG-01590,Noida District Court,Family,2018-12-01,2018,2021-01-26 10:40:02.186117256,25.87,1,4,2,25.87
NG-01591,Lucknow District Court,Civil Dispute,2024-04-01,2024,,26.97,0,3,1,26.97
NG-01592,Noida District Court,Cheque Bounce,2024-07-01,2024,,23.98,0,5,3,23.98
NG-01593,Jaipur District Court,Cheque Bounce,2021-06-01,2021,2023-12-04 22:35:53.822879531,30.12,1,4,2,30.12
NG-01594,Noida District Court,Cheque Bounce,2019-03-01,2019,2021-10-02 12:23:36.980971880,31.09,1,7,0,31.09
NG-01595,Noida District Court,Property,2025-08-01,2025,,10.97,0,12,1,10.97
NG-01596,Lucknow District Court,Motor Accident,2023-04-01,2023,2024-12-13 11:41:49.147780755,20.45,1,5,0,20.45
NG-01597,Lucknow District Court,Cheque Bounce,2019-01-01,2019,2022-06-04 01:19:35.407842188,41.07,1,3,2,41.07
NG-01598,Delhi District Court,Cheque Bounce,2023-10-01,2023,2026-01-08 19:50:40.714264613,27.29,1,5,1,27.29
NG-01599,Lucknow District Court,Cheque Bounce,2022-10-01,2022,2025-09-25 06:44:29.477166282,35.82,1,6,2,35.82
NG-01600,Noida District Court,Civil Dispute,2025-04-01,2025,,14.98,0,6,5,14.98
NG-01601,Lucknow District Court,Motor Accident,2022-08-01,2022,2025-05-16 09:59:49.186732470,33.49,1,8,5,33.49
NG-01602,Delhi District Court,Civil Dispute,2020-05-01,2020,2022-09-08 09:35:09.516754320,28.27,1,14,2,28.27
NG-01603,Delhi District Court,Family,2021-02-01,2021,2023-11-29 10:31:27.711186147,33.88,1,9,3,33.88
NG-01604,Delhi District Court,Property,2019-08-01,2019,2023-05-07 05:27:21.493684952,45.18,1,9,3,45.18
NG-01605,Lucknow District Court,Motor Accident,2024-05-01,2024,,25.99,0,8,4,25.99
NG-01606,Noida District Court,Property,2023-06-01,2023,2026-03-18 00:07:46.142362608,33.54,1,10,5,33.54
NG-01607,Noida District Court,Cheque Bounce,2019-09-01,2019,2021-06-29 12:02:19.904432979,21.93,1,1,3,21.93
NG-01608,Lucknow District Court,Property,2022-03-01,2022,2024-12-26 19:10:37.299475364,33.9,1,6,2,33.9
NG-01609,Lucknow District Court,Motor Accident,2024-10-01,2024,2025-09-11 14:29:03.537934889,11.35,1,6,1,11.35
NG-01610,Noida District Court,Cheque Bounce,2023-06-01,2023,,36.99,0,6,2,36.99
NG-01611,Jaipur District Court,Motor Accident,2018-11-01,2018,2020-05-15 07:19:39.734066331,18.44,1,6,3,18.44
NG-01612,Delhi District Court,Cheque Bounce,2019-01-01,2019,2021-09-13 16:52:44.287920773,32.41,1,7,2,32.41
NG-01613,Lucknow District Court,Family,2018-03-01,2018,2020-08-21 14:09:17.212417934,29.72,1,9,5,29.72
NG-01614,Jaipur District Court,Property,2024-07-01,2024,,23.98,0,1,3,23.98
NG-01615,Lucknow District Court,Property,2018-05-01,2018,2021-03-30 14:59:13.055135458,34.97,1,5,6,34.97
NG-01616,Jaipur District Court,Property,2025-07-01,2025,,11.99,0,12,4,11.99
NG-01617,Jaipur District Court,Property,2020-06-01,2020,2022-01-04 14:50:01.813912535,19.14,1,11,4,19.14
NG-01618,Delhi District Court,Family,2023-06-01,2023,2026-01-23 07:25:30.852119732,31.78,1,6,7,31.78
NG-01619,Jaipur District Court,Property,2021-11-01,2021,2024-07-17 10:00:01.976525326,32.5,1,6,5,32.5
NG-01620,Delhi District Court,Cheque Bounce,2023-11-01,2023,,31.96,0,6,2,31.96
NG-01621,Noida District Court,Civil Dispute,2019-07-01,2019,2021-09-20 08:10:13.593782026,26.69,1,9,2,26.69
NG-01622,Noida District Court,Cheque Bounce,2019-06-01,2019,2021-01-28 16:03:02.946070630,19.96,1,8,3,19.96
NG-01623,Delhi District Court,Civil Dispute,2025-01-01,2025,,17.94,0,5,8,17.94
NG-01624,Noida District Court,Property,2022-11-01,2022,2023-10-29 20:15:12.623564085,11.92,1,7,1,11.92
NG-01625,Delhi District Court,Motor Accident,2019-11-01,2019,2022-02-16 22:30:16.731507605,27.56,1,11,3,27.56
NG-01626,Delhi District Court,Cheque Bounce,2022-01-01,2022,2026-03-18 06:41:46.917293176,50.5,1,5,0,50.5
NG-01627,Lucknow District Court,Property,2023-09-01,2023,,33.97,0,3,2,33.97
NG-01628,Noida District Court,Civil Dispute,2022-07-01,2022,2024-08-01 21:43:43.628748723,25.06,1,7,1,25.06
NG-01629,Noida District Court,Civil Dispute,2025-09-01,2025,,9.95,0,7,3,9.95
NG-01630,Noida District Court,Civil Dispute,2023-04-01,2023,2025-10-15 20:00:20.775624730,30.51,1,5,2,30.51
NG-01631,Lucknow District Court,Property,2020-06-01,2020,2023-08-23 03:29:07.771562324,38.7,1,9,3,38.7
NG-01632,Delhi District Court,Cheque Bounce,2021-08-01,2021,2023-05-15 18:12:50.730321476,21.44,1,7,4,21.44
NG-01633,Lucknow District Court,Cheque Bounce,2023-01-01,2023,,41.95,0,3,4,41.95
NG-01634,Jaipur District Court,Property,2019-10-01,2019,2021-07-01 04:34:51.278318604,21.0,1,1,1,21.0
NG-01635,Delhi District Court,Cheque Bounce,2018-03-01,2018,2019-07-25 01:51:16.239681460,16.79,1,9,1,16.79
NG-01636,Jaipur District Court,Motor Accident,2020-09-01,2020,2023-08-24 02:55:52.657316155,35.71,1,15,2,35.71
NG-01637,Delhi District Court,Cheque Bounce,2022-07-01,2022,2026-03-26 23:43:19.591753189,44.84,1,10,3,44.84
NG-01638,Noida District Court,Civil Dispute,2019-08-01,2019,2023-09-12 05:11:25.963256253,49.38,1,8,4,49.38
NG-01639,Delhi District Court,Cheque Bounce,2023-10-01,2023,,32.98,0,4,3,32.98
NG-01640,Lucknow District Court,Civil Dispute,2020-08-01,2020,2023-03-19 18:36:58.453725513,31.56,1,8,1,31.56
NG-01641,Lucknow District Court,Family,2022-04-01,2022,2024-09-15 16:53:52.756709873,29.52,1,7,5,29.52
NG-01642,Delhi District Court,Civil Dispute,2021-12-01,2021,2024-05-05 19:20:28.383958979,29.13,1,7,2,29.13
NG-01643,Lucknow District Court,Motor Accident,2020-08-01,2020,2021-09-02 20:53:01.489230905,13.07,1,7,1,13.07
NG-01644,Delhi District Court,Cheque Bounce,2019-08-01,2019,,82.98,0,7,1,82.98
NG-01645,Jaipur District Court,Cheque Bounce,2024-07-01,2024,2025-11-18 04:54:57.569226822,16.6,1,6,1,16.6
NG-01646,Delhi District Court,Motor Accident,2018-11-01,2018,2021-02-25 20:04:45.826502819,27.85,1,14,1,27.85
NG-01647,Delhi District Court,Cheque Bounce,2020-09-01,2020,2024-02-13 14:14:16.114090358,41.41,1,9,3,41.41
NG-01648,Lucknow District Court,Property,2020-01-01,2020,2023-07-11 03:06:00.327571675,42.28,1,12,9,42.28
NG-01649,Noida District Court,Family,2024-11-01,2024,2026-04-01 03:00:33.269495886,16.96,1,14,2,16.96
NG-01650,Noida District Court,Cheque Bounce,2022-12-01,2022,2026-04-16 11:47:07.837468699,40.49,1,10,3,40.49
NG-01651,Jaipur District Court,Cheque Bounce,2018-09-01,2018,2020-07-10 13:22:56.027829794,22.29,1,8,2,22.29
NG-01652,Jaipur District Court,Motor Accident,2023-07-01,2023,,36.01,0,10,1,36.01
NG-01653,Delhi District Court,Property,2020-06-01,2020,2024-10-20 05:55:19.737052083,52.64,1,9,3,52.64
NG-01654,Jaipur District Court,Cheque Bounce,2021-10-01,2021,2023-06-02 04:06:40.178644735,20.01,1,12,4,20.01
NG-01655,Lucknow District Court,Cheque Bounce,2025-09-01,2025,,9.95,0,8,3,9.95
NG-01656,Lucknow District Court,Civil Dispute,2022-05-01,2022,2025-10-16 16:39:43.676397624,41.55,1,5,4,41.55
NG-01657,Jaipur District Court,Civil Dispute,2023-01-01,2023,,41.95,0,11,1,41.95
NG-01658,Lucknow District Court,Cheque Bounce,2018-12-01,2018,2020-04-28 04:07:14.325726780,16.89,1,4,3,16.89
NG-01659,Lucknow District Court,Motor Accident,2024-01-01,2024,2026-04-07 01:15:55.050455396,27.17,1,2,2,27.17
NG-01660,Noida District Court,Property,2019-03-01,2019,2021-07-07 06:46:02.891053741,28.23,1,11,0,28.23
NG-01661,Delhi District Court,Property,2023-07-01,2023,,36.01,0,5,7,36.01
NG-01662,Noida District Court,Cheque Bounce,2020-04-01,2020,2022-03-20 06:26:49.688388277,23.6,1,6,4,23.6
NG-01663,Delhi District Court,Civil Dispute,2018-10-01,2018,2022-12-03 14:17:11.083189315,50.09,1,8,7,50.09
NG-01664,Lucknow District Court,Civil Dispute,2024-06-01,2024,,24.97,0,5,4,24.97
NG-01665,Noida District Court,Motor Accident,2024-01-01,2024,2026-05-07 19:11:58.260417000,28.18,1,9,4,28.18
NG-01666,Noida District Court,Family,2019-01-01,2019,2021-09-30 17:06:43.250354654,32.97,1,11,4,32.97
NG-01667,Delhi District Court,Cheque Bounce,2025-06-01,2025,,12.98,0,7,4,12.98
NG-01668,Noida District Court,Motor Accident,2023-01-01,2023,2025-04-16 08:24:48.863015354,27.48,1,2,2,27.48
NG-01669,Delhi District Court,Cheque Bounce,2018-07-01,2018,2020-08-16 01:38:48.429920238,25.53,1,8,4,25.53
NG-01670,Lucknow District Court,Property,2021-04-01,2021,2025-09-19 13:52:06.000519642,53.63,1,7,1,53.63
NG-01671,Jaipur District Court,Civil Dispute,2021-11-01,2021,2024-04-27 00:17:52.005772728,29.83,1,4,4,29.83
NG-01672,Jaipur District Court,Cheque Bounce,2025-01-01,2025,,17.94,0,4,2,17.94
NG-01673,Jaipur District Court,Property,2020-12-01,2020,,66.95,0,2,2,66.95
NG-01674,Jaipur District Court,Property,2025-03-01,2025,,16.0,0,10,0,16.0
NG-01675,Lucknow District Court,Civil Dispute,2018-05-01,2018,2020-07-07 13:07:00.961336081,26.23,1,8,3,26.23
NG-01676,Lucknow District Court,Motor Accident,2021-01-01,2021,2025-01-01 09:24:46.815180312,48.01,1,10,4,48.01
NG-01677,Delhi District Court,Property,2022-01-01,2022,2024-05-07 07:48:04.719895453,28.16,1,4,3,28.16
NG-01678,Lucknow District Court,Family,2019-06-01,2019,2022-06-29 11:08:39.233301014,36.94,1,8,4,36.94
NG-01679,Noida District Court,Family,2023-02-01,2023,2026-05-09 15:53:53.615710662,39.21,1,10,3,39.21
NG-01680,Delhi District Court,Property,2021-08-01,2021,2026-01-05 10:06:16.114566968,53.17,1,3,2,53.17
NG-01681,Jaipur District Court,Family,2022-02-01,2022,2024-07-09 15:38:45.651797917,29.23,1,7,3,29.23
NG-01682,Jaipur District Court,Cheque Bounce,2024-05-01,2024,2026-02-14 16:34:21.637868525,21.51,1,12,0,21.51
NG-01683,Jaipur District Court,Motor Accident,2024-02-01,2024,,28.94,0,6,1,28.94
NG-01684,Jaipur District Court,Cheque Bounce,2021-01-01,2021,2024-04-07 13:53:41.253822104,39.18,1,11,3,39.18
NG-01685,Jaipur District Court,Cheque Bounce,2018-09-01,2018,2024-12-02 12:15:14.957822977,75.05,1,12,7,75.05
NG-01686,Noida District Court,Property,2019-07-01,2019,2023-05-06 18:28:58.737405515,46.18,1,8,3,46.18
NG-01687,Delhi District Court,Civil Dispute,2025-01-01,2025,,17.94,0,5,0,17.94
NG-01688,Jaipur District Court,Family,2021-10-01,2021,2025-04-05 18:00:50.568069234,42.14,1,11,4,42.14
NG-01689,Jaipur District Court,Civil Dispute,2020-09-01,2020,2022-07-29 15:00:44.691697002,22.89,1,4,4,22.89
NG-01690,Delhi District Court,Property,2023-07-01,2023,,36.01,0,7,1,36.01
NG-01691,Delhi District Court,Family,2024-01-01,2024,,29.96,0,11,2,29.96
NG-01692,Noida District Court,Motor Accident,2022-02-01,2022,2023-11-16 03:13:20.068350974,21.46,1,6,2,21.46
NG-01693,Delhi District Court,Civil Dispute,2025-05-01,2025,,13.99,0,10,2,13.99
NG-01694,Lucknow District Court,Family,2023-04-01,2023,,38.99,0,6,2,38.99
NG-01695,Delhi District Court,Family,2019-02-01,2019,2020-11-13 00:19:08.870134664,21.39,1,4,4,21.39
NG-01696,Noida District Court,Family,2020-03-01,2020,2022-06-11 02:08:09.469862946,27.34,1,9,2,27.34
NG-01697,Noida District Court,Cheque Bounce,2021-09-01,2021,2025-05-17 14:22:03.718300108,44.5,1,8,3,44.5
NG-01698,Noida District Court,Cheque Bounce,2020-03-01,2020,2021-09-06 12:15:57.505598605,18.22,1,5,2,18.22
NG-01699,Delhi District Court,Cheque Bounce,2022-02-01,2022,2023-11-12 09:45:16.193691728,21.33,1,5,5,21.33
NG-01700,Noida District Court,Civil Dispute,2023-09-01,2023,,33.97,0,8,1,33.97
NG-01701,Lucknow District Court,Cheque Bounce,2021-04-01,2021,2023-02-24 14:38:11.662947775,22.82,1,5,2,22.82
NG-01702,Jaipur District Court,Civil Dispute,2020-07-01,2020,2025-06-28 08:49:53.621072840,59.9,1,5,3,59.9
NG-01703,Delhi District Court,Property,2021-07-01,2021,2025-04-30 15:37:32.784763474,45.98,1,4,1,45.98
NG-01704,Jaipur District Court,Motor Accident,2019-12-01,2019,2022-07-16 21:58:19.803209617,31.5,1,12,4,31.5
NG-01705,Jaipur District Court,Civil Dispute,2024-04-01,2024,2026-02-07 22:29:02.266086364,22.27,1,13,1,22.27
NG-01706,Jaipur District Court,Property,2025-10-01,2025,,8.97,0,9,4,8.97
NG-01707,Lucknow District Court,Cheque Bounce,2025-06-01,2025,,12.98,0,12,2,12.98
NG-01708,Noida District Court,Cheque Bounce,2020-11-01,2020,2022-05-02 20:26:46.358144926,18.0,1,7,2,18.0
NG-01709,Lucknow District Court,Cheque Bounce,2020-05-01,2020,2023-07-31 19:02:03.953792238,38.99,1,7,3,38.99
NG-01710,Lucknow District Court,Cheque Bounce,2018-10-01,2018,2026-03-14 04:33:46.281101713,89.4,1,10,2,89.4
NG-01711,Delhi District Court,Property,2025-11-01,2025,,7.95,0,8,4,7.95
NG-01712,Delhi District Court,Motor Accident,2018-07-01,2018,2024-04-16 07:55:00.794229415,69.52,1,4,0,69.52
NG-01713,Delhi District Court,Family,2021-05-01,2021,2023-07-21 03:46:29.103828539,26.65,1,5,1,26.65
NG-01714,Delhi District Court,Property,2023-02-01,2023,,40.93,0,9,2,40.93
NG-01715,Delhi District Court,Motor Accident,2022-08-01,2022,2024-12-22 17:08:14.784604558,28.74,1,9,5,28.74
NG-01716,Jaipur District Court,Family,2020-07-01,2020,2022-01-29 06:15:51.022651276,18.96,1,4,1,18.96
NG-01717,Jaipur District Court,Property,2019-01-01,2019,2020-12-05 23:40:05.755726606,23.16,1,5,3,23.16
NG-01718,Noida District Court,Civil Dispute,2023-07-01,2023,2026-01-24 05:00:47.532532265,30.82,1,7,3,30.82
NG-01719,Noida District Court,Civil Dispute,2018-12-01,2018,2020-07-26 11:17:28.932895510,19.82,1,9,3,19.82
NG-01720,Delhi District Court,Cheque Bounce,2024-06-01,2024,,24.97,0,10,4,24.97
NG-01721,Jaipur District Court,Cheque Bounce,2019-12-01,2019,2023-01-09 18:17:38.339147719,37.31,1,3,2,37.31
NG-01722,Delhi District Court,Cheque Bounce,2022-06-01,2022,,48.98,0,8,2,48.98
NG-01723,Lucknow District Court,Motor Accident,2020-07-01,2020,2025-05-10 09:12:06.514613167,58.29,1,12,4,58.29
NG-01724,Delhi District Court,Cheque Bounce,2022-11-01,2022,2026-01-08 18:28:07.850356743,38.26,1,11,3,38.26
NG-01725,Jaipur District Court,Civil Dispute,2025-01-01,2025,,17.94,0,4,5,17.94
NG-01726,Delhi District Court,Motor Accident,2024-08-01,2024,,22.96,0,9,3,22.96
NG-01727,Lucknow District Court,Motor Accident,2020-01-01,2020,2021-06-28 15:35:23.082539962,17.89,1,8,2,17.89
NG-01728,Lucknow District Court,Motor Accident,2018-01-01,2018,2020-11-17 23:28:55.804241746,34.56,1,12,3,34.56
NG-01729,Noida District Court,Family,2025-06-01,2025,,12.98,0,4,3,12.98
NG-01730,Noida District Court,Family,2023-09-01,2023,,33.97,0,5,0,33.97
NG-01731,Delhi District Court,Motor Accident,2020-07-01,2020,2023-10-04 22:41:46.831937582,39.12,1,5,3,39.12
NG-01732,Lucknow District Court,Property,2023-12-01,2023,2025-06-07 13:49:56.684827957,18.22,1,6,3,18.22
NG-01733,Noida District Court,Property,2022-09-01,2022,2025-03-25 08:35:48.041971742,30.76,1,8,1,30.76
NG-01734,Jaipur District Court,Property,2024-12-01,2024,,18.96,0,6,6,18.96
NG-01735,Lucknow District Court,Cheque Bounce,2020-11-01,2020,2023-01-29 07:14:16.177781014,26.92,1,12,3,26.92
NG-01736,Lucknow District Court,Family,2019-03-01,2019,2021-10-31 13:07:54.918757565,32.05,1,8,3,32.05
NG-01737,Noida District Court,Civil Dispute,2025-04-01,2025,,14.98,0,7,1,14.98
NG-01738,Noida District Court,Property,2024-09-01,2024,,21.94,0,8,2,21.94
NG-01739,Noida District Court,Civil Dispute,2021-01-01,2021,2025-02-16 14:23:53.451162640,49.53,1,8,4,49.53
NG-01740,Noida District Court,Cheque Bounce,2020-05-01,2020,2021-03-10 05:12:45.780411015,10.29,1,6,1,10.29
NG-01741,Jaipur District Court,Civil Dispute,2024-06-01,2024,,24.97,0,6,3,24.97
NG-01742,Delhi District Court,Cheque Bounce,2022-03-01,2022,,52.0,0,5,1,52.0
NG-01743,Jaipur District Court,Cheque Bounce,2020-02-01,2020,2022-02-07 03:46:21.985068051,24.22,1,7,2,24.22
NG-01744,Delhi District Court,Property,2022-12-01,2022,2025-10-20 10:57:39.334108032,34.64,1,10,1,34.64
NG-01745,Jaipur District Court,Family,2025-05-01,2025,,13.99,0,12,0,13.99
NG-01746,Noida District Court,Family,2019-07-01,2019,2021-04-05 21:32:41.833849211,21.19,1,2,2,21.19
NG-01747,Noida District Court,Cheque Bounce,2021-07-01,2021,2024-06-28 18:30:42.008939208,35.93,1,7,3,35.93
NG-01748,Jaipur District Court,Cheque Bounce,2019-05-01,2019,2020-08-21 10:48:58.652706674,15.72,1,4,1,15.72
NG-01749,Noida District Court,Cheque Bounce,2023-09-01,2023,2026-01-29 01:30:54.864072195,28.94,1,7,4,28.94
NG-01750,Noida District Court,Property,2020-02-01,2020,2021-12-06 00:55:04.366610264,22.14,1,11,3,22.14
NG-01751,Noida District Court,Civil Dispute,2022-01-01,2022,2025-10-06 03:35:10.308724549,45.14,1,6,2,45.14
NG-01752,Lucknow District Court,Civil Dispute,2018-01-01,2018,2020-10-01 09:41:28.130228802,33.0,1,4,3,33.0
NG-01753,Noida District Court,Family,2018-05-01,2018,2020-05-12 05:23:15.513062884,24.38,1,9,2,24.38
NG-01754,Lucknow District Court,Property,2018-01-01,2018,2021-10-01 06:13:45.928002976,44.98,1,6,2,44.98
NG-01755,Delhi District Court,Motor Accident,2019-03-01,2019,2021-12-21 07:00:00.493403713,33.72,1,6,2,33.72
NG-01756,Noida District Court,Civil Dispute,2025-09-01,2025,,9.95,0,2,2,9.95
NG-01757,Jaipur District Court,Civil Dispute,2019-05-01,2019,2021-06-12 22:14:31.728280202,25.42,1,9,2,25.42
NG-01758,Lucknow District Court,Property,2023-06-01,2023,,36.99,0,3,5,36.99
NG-01759,Delhi District Court,Property,2020-08-01,2020,2024-06-03 19:28:34.330843248,46.08,1,8,3,46.08
NG-01760,Noida District Court,Motor Accident,2019-04-01,2019,2021-09-30 13:57:05.390321394,30.01,1,9,4,30.01
NG-01761,Delhi District Court,Family,2020-06-01,2020,2023-05-12 12:21:32.061818897,35.33,1,7,3,35.33
NG-01762,Delhi District Court,Cheque Bounce,2021-03-01,2021,2024-11-22 02:29:57.831870315,44.75,1,12,1,44.75
NG-01763,Lucknow District Court,Property,2023-05-01,2023,2025-03-04 01:11:03.370371720,22.11,1,2,4,22.11
NG-01764,Jaipur District Court,Civil Dispute,2025-07-01,2025,,11.99,0,3,3,11.99
NG-01765,Delhi District Court,Cheque Bounce,2023-09-01,2023,2026-05-05 18:05:03.187440553,32.12,1,7,0,32.12
NG-01766,Lucknow District Court,Cheque Bounce,2019-12-01,2019,2026-03-01 21:07:16.098770856,75.0,1,11,5,75.0
NG-01767,Jaipur District Court,Civil Dispute,2020-10-01,2020,2022-04-30 09:53:14.869172699,18.94,1,6,0,18.94
NG-01768,Noida District Court,Cheque Bounce,2022-02-01,2022,2024-11-06 00:41:34.791510577,33.15,1,11,2,33.15
NG-01769,Delhi District Court,Property,2024-07-01,2024,,23.98,0,7,4,23.98
NG-01770,Jaipur District Court,Civil Dispute,2025-09-01,2025,,9.95,0,11,2,9.95
NG-01771,Delhi District Court,Civil Dispute,2022-11-01,2022,2026-01-30 15:04:53.186588307,38.98,1,6,2,38.98
NG-01772,Lucknow District Court,Motor Accident,2023-02-01,2023,2025-11-09 03:25:42.184597408,33.25,1,10,0,33.25
NG-01773,Delhi District Court,Civil Dispute,2022-11-01,2022,2026-03-14 17:18:14.355967527,40.4,1,5,3,40.4
NG-01774,Noida District Court,Civil Dispute,2025-05-01,2025,,13.99,0,7,3,13.99
NG-01775,Noida District Court,Family,2020-07-01,2020,2022-01-02 18:41:50.952053244,18.09,1,8,0,18.09
NG-01776,Jaipur District Court,Civil Dispute,2019-09-01,2019,2021-01-26 14:35:16.168448492,16.87,1,7,2,16.87
NG-01777,Noida District Court,Cheque Bounce,2022-04-01,2022,2025-11-19 07:18:11.346003187,43.64,1,9,2,43.64
NG-01778,Jaipur District Court,Civil Dispute,2022-03-01,2022,2024-01-12 00:37:50.705283835,22.41,1,9,1,22.41
NG-01779,Lucknow District Court,Family,2022-07-01,2022,,48.0,0,7,4,48.0
NG-01780,Lucknow District Court,Property,2024-02-01,2024,2026-01-13 02:14:43.888618605,23.39,1,7,4,23.39
NG-01781,Lucknow District Court,Motor Accident,2021-04-01,2021,2024-05-26 02:30:11.178324218,37.82,1,9,4,37.82
NG-01782,Noida District Court,Civil Dispute,2019-01-01,2019,2023-09-11 19:00:06.858389787,56.33,1,9,2,56.33
NG-01783,Lucknow District Court,Cheque Bounce,2019-10-01,2019,2021-06-19 15:58:43.767489319,20.62,1,4,2,20.62
NG-01784,Lucknow District Court,Property,2024-03-01,2024,,27.99,0,8,4,27.99
NG-01785,Noida District Court,Civil Dispute,2021-06-01,2021,2023-09-01 08:10:09.560754356,27.02,1,3,1,27.02
NG-01786,Delhi District Court,Motor Accident,2022-10-01,2022,2024-04-02 04:06:05.410580325,18.04,1,9,1,18.04
NG-01787,Jaipur District Court,Motor Accident,2022-10-01,2022,2024-12-29 15:50:30.964316712,26.96,1,5,2,26.96
NG-01788,Lucknow District Court,Cheque Bounce,2019-09-01,2019,2021-08-04 18:14:40.060081645,23.12,1,6,2,23.12
NG-01789,Jaipur District Court,Property,2021-07-01,2021,2024-10-18 13:32:49.716191060,39.6,1,7,3,39.6
NG-01790,Delhi District Court,Civil Dispute,2020-06-01,2020,2021-12-07 12:15:59.433545684,18.22,1,5,3,18.22
NG-01791,Noida District Court,Family,2020-06-01,2020,2025-03-25 07:46:06.280632966,57.76,1,5,1,57.76
NG-01792,Noida District Court,Motor Accident,2020-06-01,2020,2022-11-05 12:33:20.334532466,29.16,1,9,5,29.16
NG-01793,Jaipur District Court,Cheque Bounce,2018-04-01,2018,2021-08-01 15:47:14.924011813,40.03,1,9,2,40.03
NG-01794,Jaipur District Court,Civil Dispute,2022-03-01,2022,2025-05-08 02:58:33.190509722,38.24,1,3,5,38.24
NG-01795,Delhi District Court,Motor Accident,2021-01-01,2021,2023-03-01 10:03:41.740311666,25.93,1,3,1,25.93
NG-01796,Noida District Court,Cheque Bounce,2025-03-01,2025,,16.0,0,3,5,16.0
NG-01797,Lucknow District Court,Property,2022-11-01,2022,2026-03-15 09:01:42.571473277,40.42,1,5,3,40.42
NG-01798,Lucknow District Court,Motor Accident,2024-07-01,2024,,23.98,0,4,3,23.98
NG-01799,Delhi District Court,Civil Dispute,2024-05-01,2024,2026-06-11 19:16:59.647079775,25.35,1,11,1,25.35
NG-01800,Noida District Court,Motor Accident,2018-06-01,2018,2020-05-27 12:56:26.455585686,23.87,1,5,3,23.87
